TransactionID,AccountID,Timestamp,Amount,Merchant,TransactionType,Location,AccountHistoryDays,AvgDailySpend
TXN10008,ACC1078,2025-09-08 20:32:02,1364.5,Amazon,ATM,New York,232,729.49
TXN10423,ACC1104,2025-09-08 09:04:27,192.03,Costco,ATM,Chicago,300,245.35
TXN10996,ACC1087,2025-08-20 09:05:32,623.97,Netflix,Transfer,New York,236,250.04
TXN10773,ACC1125,2025-09-03 11:08:17,609.04,Costco,Transfer,Phoenix,1358,596.19
TXN10337,ACC1124,2025-08-20 09:25:16,483.2,Amazon,Online,Chicago,43,246.12
TXN10928,ACC1164,2025-08-25 23:06:06,565.61,Walmart,Transfer,Los Angeles,968,291.85
TXN10936,ACC1076,2025-09-16 12:24:39,649.28,Best Buy,Transfer,Houston,1165,662.31
TXN10957,ACC1069,2025-09-15 14:17:40,59.91,Delta Airlines,Transfer,Phoenix,832,134.24
TXN10583,ACC1122,2025-09-04 08:09:30,537.04,ExxonMobil,Online,Houston,517,305.09
TXN10689,ACC1038,2025-09-13 20:37:42,752.17,Apple Store,Card,Chicago,1459,456.41
TXN10643,ACC1035,2025-08-29 13:20:41,82.45,Amazon,Card,Singapore,691,147.46
TXN10595,ACC1069,2025-09-08 00:15:55,1204.81,Amazon,Card,Timothychester,323,550.78
TXN10305,ACC1033,2025-09-15 04:24:01,1348.12,Whole Foods,ATM,Houston,1098,599.35
TXN10848,ACC1053,2025-08-20 01:10:03,114.96,Amazon,Transfer,New York,908,67.78
TXN10192,ACC1032,2025-08-30 21:48:51,1047.5,Delta Airlines,Card,Houston,458,788.24
TXN10334,ACC1047,2025-08-26 03:18:00,242.28,Best Buy,Online,San Antonio,1010,335.52
TXN10673,ACC1030,2025-08-24 19:47:07,493.43,Apple Store,ATM,New York,210,714.3
TXN10553,ACC1168,2025-09-11 07:13:22,921.05,ExxonMobil,Card,Dallas,994,684.95
TXN10061,ACC1064,2025-09-04 20:30:22,1059.67,Starbucks,ATM,San Jose,1119,429.31
TXN10514,ACC1037,2025-08-31 22:07:08,292.21,Uber,ATM,San Diego,1007,236.02
TXN10828,ACC1072,2025-08-29 12:46:29,178.47,Whole Foods,Online,Houston,1316,476.03
TXN10708,ACC1003,2025-08-29 05:49:16,782.74,Whole Foods,ATM,Dallas,923,461.23
TXN11041,ACC1004,2025-08-29 17:05:24,473.66,Lyft,ATM,Philadelphia,445,622.16
TXN10694,ACC1118,2025-09-10 09:19:59,771.99,Home Depot,Card,Los Angeles,1355,543.66
TXN10474,ACC1114,2025-09-04 12:31:31,785.88,Amazon,Transfer,Philadelphia,962,346.79
TXN10639,ACC1011,2025-09-02 17:33:06,642.02,Apple Store,Card,San Jose,194,597.86
TXN10282,ACC1133,2025-09-02 02:11:23,837.34,Delta Airlines,Online,Phoenix,78,403.74
TXN10489,ACC1014,2025-09-15 22:07:57,582.87,Lyft,Card,Houston,931,603.0
TXN10509,ACC1082,2025-09-12 12:50:20,1686.73,Costco,Card,Philadelphia,831,717.81
TXN10686,ACC1196,2025-09-17 10:28:42,1385.1,Target,Transfer,Philadelphia,152,664.43
TXN10236,ACC1014,2025-09-11 19:39:43,101.38,Target,Online,Phoenix,931,603.0
TXN10203,ACC1041,2025-09-10 10:06:26,182.87,Walmart,Transfer,San Diego,744,78.01
TXN10989,ACC1166,2025-09-04 18:55:04,99.64,Delta Airlines,ATM,San Diego,966,161.09
TXN10871,ACC1037,2025-09-11 23:28:54,418.39,Uber,ATM,New York,1007,236.02
TXN10829,ACC1038,2025-09-15 13:39:00,672.74,Uber,Transfer,San Diego,1459,456.41
TXN10547,ACC1149,2025-09-19 11:42:28,469.5,Costco,ATM,Dubai,337,452.26
TXN10644,ACC1069,2025-09-08 00:19:55,244.78,Lyft,Transfer,Heathfort,624,383.1
TXN10551,ACC1004,2025-09-04 00:24:42,214.98,Whole Foods,ATM,Philadelphia,445,622.16
TXN11047,ACC1125,2025-09-08 19:16:51,763.06,Amazon,Card,San Jose,1358,596.19
TXN10953,ACC1192,2025-09-05 14:23:52,59.28,Target,Transfer,Dubai,335,403.37
TXN10520,ACC1094,2025-09-12 18:09:04,322.88,Starbucks,Card,Philadelphia,775,758.96
TXN10951,ACC1090,2025-09-13 20:14:24,1802.29,Netflix,ATM,New York,1389,795.38
TXN10365,ACC1106,2025-08-29 21:38:03,226.76,Whole Foods,ATM,San Jose,1096,225.19
TXN10822,ACC1180,2025-09-02 14:32:45,283.42,Walmart,Card,San Antonio,565,428.93
TXN10432,ACC1197,2025-09-10 14:14:55,1037.18,Costco,Online,San Antonio,1377,451.74
TXN10507,ACC1047,2025-09-07 21:41:46,345.1,Walmart,Card,San Antonio,1010,335.52
TXN10995,ACC1037,2025-08-25 10:07:45,421.44,Amazon,Transfer,Chicago,1007,236.02
TXN10982,ACC1071,2025-09-02 02:46:13,88.35,Uber,Transfer,Philadelphia,758,191.08
TXN10903,ACC1112,2025-09-03 12:21:47,1017.36,Apple Store,Card,San Antonio,428,496.67
TXN10085,ACC1192,2025-08-26 15:14:20,198.38,Delta Airlines,Card,Dallas,335,403.37
TXN10266,ACC1132,2025-09-14 20:07:30,394.51,Best Buy,ATM,Dallas,883,199.38
TXN10870,ACC1144,2025-08-27 15:53:30,313.19,ExxonMobil,Transfer,Chicago,412,270.83
TXN10339,ACC1054,2025-09-11 01:14:20,1241.0,Starbucks,Transfer,San Jose,462,598.26
TXN10448,ACC1145,2025-08-25 05:12:59,178.56,Amazon,Card,Houston,690,513.64
TXN10219,ACC1132,2025-08-31 21:52:01,145.17,Delta Airlines,Online,Phoenix,883,199.38
TXN10786,ACC1060,2025-09-08 04:34:22,170.24,Amazon,ATM,London,693,311.52
TXN10567,ACC1195,2025-09-19 20:20:17,290.3,Whole Foods,ATM,Philadelphia,844,469.26
TXN10561,ACC1179,2025-09-11 21:12:43,128.63,Amazon,ATM,Houston,1102,361.33
TXN10604,ACC1102,2025-09-11 06:20:42,289.89,Lyft,Transfer,San Antonio,1197,282.5
TXN10838,ACC1087,2025-09-02 08:39:10,458.23,Lyft,ATM,Los Angeles,236,250.04
TXN10606,ACC1139,2025-09-16 07:07:33,505.95,Target,ATM,Los Angeles,742,222.74
TXN10912,ACC1194,2025-08-27 10:58:29,369.66,ExxonMobil,Card,Houston,624,383.1
TXN10630,ACC1148,2025-08-25 07:53:01,59.79,Best Buy,ATM,Philadelphia,1062,471.07
TXN10137,ACC1197,2025-09-16 16:41:32,784.05,Target,Card,New York,1377,451.74
TXN10744,ACC1090,2025-09-01 14:04:21,162.81,Delta Airlines,ATM,Dallas,1389,795.38
TXN10438,ACC1080,2025-08-30 00:06:25,121.59,Costco,Card,Houston,508,684.82
TXN10587,ACC1099,2025-08-28 22:06:21,512.68,Walmart,Transfer,Philadelphia,1453,255.29
TXN10783,ACC1033,2025-09-04 17:02:11,489.54,Starbucks,Card,San Antonio,1098,599.35
TXN10808,ACC1089,2025-08-20 12:48:13,176.19,Whole Foods,Card,Chicago,338,328.74
TXN10593,ACC1154,2025-09-19 15:35:15,236.51,ExxonMobil,Transfer,San Diego,383,232.06
TXN10150,ACC1031,2025-08-20 13:01:18,27.47,Walmart,Card,San Antonio,984,75.94
TXN10893,ACC1035,2025-09-10 05:42:37,297.23,Apple Store,Transfer,San Diego,691,147.46
TXN10161,ACC1098,2025-09-18 13:53:36,912.42,Netflix,Online,San Antonio,235,737.0
TXN10091,ACC1183,2025-09-14 14:11:48,202.61,Whole Foods,Online,Chicago,955,312.24
TXN10101,ACC1011,2025-09-04 18:53:54,773.79,Whole Foods,Transfer,Chicago,194,597.86
TXN10518,ACC1080,2025-08-27 07:45:54,1455.87,Starbucks,Online,New York,508,684.82
TXN10785,ACC1099,2025-09-13 02:38:54,218.55,Delta Airlines,Online,Dallas,1453,255.29
TXN10052,ACC1166,2025-09-18 18:47:10,261.55,Apple Store,ATM,San Jose,966,161.09
TXN10948,ACC1095,2025-08-31 23:55:28,1242.55,Netflix,ATM,San Antonio,902,518.95
TXN10227,ACC1122,2025-08-23 19:27:12,181.16,Best Buy,ATM,New York,517,305.09
TXN10649,ACC1167,2025-09-05 05:31:48,69.5,Netflix,Online,Phoenix,808,345.78
TXN10398,ACC1061,2025-09-11 23:48:51,662.84,Netflix,ATM,Philadelphia,167,440.68
TXN10396,ACC1044,2025-09-03 01:28:17,182.27,Uber,Transfer,Houston,957,305.0
TXN10125,ACC1084,2025-08-26 17:02:05,579.6,Home Depot,Online,San Antonio,1213,284.85
TXN10544,ACC1010,2025-09-03 12:27:41,450.75,Delta Airlines,Card,Dallas,122,794.09
TXN10549,ACC1181,2025-08-24 18:38:10,797.77,ExxonMobil,ATM,Los Angeles,236,678.4
TXN10821,ACC1003,2025-09-18 03:45:10,311.71,Target,Card,San Antonio,923,461.23
TXN10117,ACC1175,2025-08-24 18:21:33,215.53,Delta Airlines,Transfer,San Antonio,982,115.95
TXN10022,ACC1109,2025-08-29 17:33:50,786.66,Lyft,Card,Phoenix,698,581.63
TXN10597,ACC1132,2025-08-25 00:49:38,181.32,Netflix,ATM,Phoenix,883,199.38
TXN10084,ACC1185,2025-09-17 20:44:18,292.89,Costco,Transfer,Chicago,1316,594.06
TXN10522,ACC1050,2025-08-21 23:35:46,142.24,Target,Online,Houston,1441,795.41
TXN10187,ACC1171,2025-09-15 17:41:07,313.36,Lyft,Card,Dallas,535,650.39
TXN10868,ACC1145,2025-08-27 22:31:58,122.82,ExxonMobil,Transfer,San Jose,690,513.64
TXN10737,ACC1145,2025-09-14 00:13:43,861.75,Walmart,Transfer,Chicago,690,513.64
TXN10164,ACC1018,2025-08-24 22:01:53,488.76,Home Depot,Online,San Antonio,193,404.36
TXN10632,ACC1109,2025-09-03 12:53:14,362.27,Starbucks,Online,San Diego,698,581.63
TXN10576,ACC1073,2025-09-12 22:48:18,1005.95,Costco,ATM,San Diego,1105,757.92
TXN10147,ACC1011,2025-09-12 16:51:12,228.38,Home Depot,Card,Los Angeles,194,597.86
TXN10607,ACC1059,2025-08-27 19:47:30,881.02,Best Buy,ATM,Phoenix,1314,602.38
TXN10293,ACC1104,2025-08-30 20:55:56,231.59,Delta Airlines,ATM,Chicago,300,245.35
TXN10723,ACC1021,2025-09-04 06:56:42,222.32,Costco,ATM,New York,469,249.02
TXN10884,ACC1054,2025-08-28 20:47:10,1012.33,Lyft,Card,New York,462,598.26
TXN10186,ACC1054,2025-09-13 16:42:55,251.41,Walmart,Transfer,New York,462,598.26
TXN10941,ACC1132,2025-08-24 23:04:58,208.76,Target,Transfer,Phoenix,883,199.38
TXN10622,ACC1032,2025-09-18 04:32:43,1512.12,Walmart,Card,Los Angeles,458,788.24
TXN10360,ACC1009,2025-08-31 22:08:40,761.43,Target,Card,Dallas,432,789.07
TXN10840,ACC1142,2025-09-03 17:10:37,350.17,Netflix,ATM,Dallas,970,473.11
TXN10281,ACC1022,2025-09-05 00:26:07,296.7,Uber,Transfer,San Diego,702,395.8
TXN10984,ACC1100,2025-09-15 22:58:33,401.39,Amazon,Card,San Diego,323,550.78
TXN10107,ACC1063,2025-09-18 06:23:31,205.88,Target,ATM,San Jose,1305,193.46
TXN10784,ACC1128,2025-08-31 05:57:04,430.01,Walmart,Transfer,Phoenix,875,309.99
TXN10230,ACC1156,2025-09-11 19:46:28,314.89,ExxonMobil,ATM,San Jose,323,203.14
TXN10925,ACC1136,2025-08-26 03:42:53,1104.83,Apple Store,Transfer,New York,343,572.28
TXN10569,ACC1034,2025-08-20 07:36:40,280.68,Delta Airlines,Card,Chicago,417,229.95
TXN10502,ACC1028,2025-09-15 18:29:37,716.72,Walmart,Online,San Antonio,1041,618.54
TXN10201,ACC1128,2025-09-10 20:43:04,530.62,Whole Foods,ATM,Dallas,875,309.99
TXN10586,ACC1042,2025-09-08 05:32:17,589.28,Delta Airlines,ATM,Chicago,1029,640.64
TXN10326,ACC1078,2025-08-20 17:02:04,920.06,Costco,ATM,Phoenix,232,729.49
TXN10393,ACC1078,2025-08-22 06:32:08,1109.52,Best Buy,Online,Los Angeles,232,729.49
TXN10600,ACC1073,2025-09-10 22:59:16,707.58,Apple Store,Transfer,Port Lisabury,1316,476.03
TXN10166,ACC1156,2025-08-29 08:04:28,116.72,Apple Store,Transfer,San Antonio,323,203.14
TXN10535,ACC1130,2025-09-19 13:48:22,370.69,Whole Foods,Online,Los Angeles,648,369.78
TXN10019,ACC1136,2025-09-12 03:12:03,1026.0,Best Buy,Card,San Antonio,343,572.28
TXN10800,ACC1198,2025-08-21 04:02:28,478.87,Netflix,Online,Houston,1072,561.65
TXN10390,ACC1120,2025-09-09 03:50:32,269.6,Costco,Card,Philadelphia,359,180.73
TXN10943,ACC1180,2025-09-11 08:42:37,1059.11,Delta Airlines,Transfer,Los Angeles,565,428.93
TXN10066,ACC1070,2025-09-13 15:19:14,1192.26,Apple Store,Online,San Diego,1255,622.86
TXN10899,ACC1064,2025-08-29 20:14:31,212.46,Amazon,Card,Phoenix,1119,429.31
TXN10273,ACC1014,2025-08-26 06:19:15,1109.77,Uber,Online,Los Angeles,931,603.0
TXN10170,ACC1128,2025-09-02 14:57:30,411.49,Delta Airlines,ATM,San Antonio,875,309.99
TXN10254,ACC1058,2025-08-25 20:23:20,1275.11,Netflix,Card,San Jose,701,605.36
TXN10975,ACC1142,2025-09-18 11:47:41,1172.99,Best Buy,Card,San Diego,970,473.11
TXN10093,ACC1169,2025-08-31 04:19:37,1351.53,Best Buy,ATM,Chicago,1073,678.71
TXN11011,ACC1031,2025-09-18 16:39:00,168.55,Costco,ATM,San Diego,984,75.94
TXN10827,ACC1026,2025-09-16 21:23:49,1196.14,Best Buy,Transfer,Philadelphia,791,733.97
TXN10680,ACC1180,2025-08-31 05:28:02,380.08,Starbucks,Card,Houston,565,428.93
TXN10904,ACC1188,2025-09-08 00:04:50,354.12,Apple Store,Card,Dallas,1294,289.99
TXN10215,ACC1121,2025-09-05 05:20:39,1777.25,Best Buy,Online,San Antonio,902,789.33
TXN10198,ACC1163,2025-09-01 05:11:20,254.14,Whole Foods,Card,San Diego,1072,176.53
TXN11020,ACC1066,2025-08-26 06:47:47,729.96,Lyft,Transfer,Houston,824,358.13
TXN10244,ACC1155,2025-08-25 04:58:41,1270.26,Costco,ATM,Dallas,306,770.91
TXN10508,ACC1141,2025-09-08 01:58:22,276.73,Best Buy,ATM,New York,641,428.24
TXN10141,ACC1078,2025-09-06 17:12:50,910.12,Walmart,Card,Houston,232,729.49
TXN11004,ACC1188,2025-09-02 21:48:11,331.66,Whole Foods,ATM,San Diego,1294,289.99
TXN11013,ACC1066,2025-09-15 15:15:27,251.31,Costco,Card,San Diego,824,358.13
TXN10079,ACC1067,2025-09-11 01:11:30,437.35,Home Depot,Transfer,Philadelphia,205,598.07
TXN10020,ACC1053,2025-08-22 06:00:44,59.38,Apple Store,Card,San Antonio,908,67.78
TXN10538,ACC1021,2025-09-02 07:29:30,449.38,Delta Airlines,ATM,San Jose,469,249.02
TXN10336,ACC1152,2025-09-02 00:19:30,723.8,Apple Store,Card,San Diego,1151,628.65
TXN10637,ACC1014,2025-08-20 00:15:34,124.61,Lyft,ATM,Dallas,931,603.0
TXN10202,ACC1014,2025-09-08 18:09:33,401.6,Costco,Card,Philadelphia,931,603.0
TXN10197,ACC1151,2025-08-31 19:11:45,70.24,Uber,ATM,Houston,178,88.79
TXN11026,ACC1082,2025-09-01 01:10:56,938.72,Apple Store,Online,San Diego,831,717.81
TXN10062,ACC1110,2025-09-11 06:43:31,220.41,Target,Card,New York,1157,791.69
TXN10350,ACC1131,2025-09-15 07:27:13,1056.57,Best Buy,ATM,Los Angeles,233,445.09
TXN10000,ACC1006,2025-09-12 01:08:46,22080.8,Starbucks,Card,Mexico City,168,479.16
TXN10344,ACC1075,2025-09-17 01:13:03,1414.77,Amazon,Transfer,Los Angeles,498,724.56
TXN10176,ACC1179,2025-08-24 13:01:29,489.84,Lyft,Transfer,Dallas,1102,361.33
TXN10793,ACC1029,2025-09-11 02:41:35,773.3,Costco,Online,Hoffmanfurt,1377,451.74
TXN10934,ACC1191,2025-09-06 20:38:32,149.83,ExxonMobil,ATM,Los Angeles,154,494.12
TXN10969,ACC1104,2025-09-19 16:03:44,266.34,Home Depot,ATM,Dallas,300,245.35
TXN10445,ACC1001,2025-08-24 07:30:17,348.58,Amazon,ATM,San Antonio,883,441.59
TXN11031,ACC1133,2025-09-07 15:10:54,914.51,Walmart,Online,Dallas,78,403.74
TXN10155,ACC1001,2025-08-20 19:57:08,563.2,Starbucks,Card,Philadelphia,883,441.59
TXN10495,ACC1165,2025-09-13 02:47:20,161.17,Uber,Card,Chicago,535,142.49
TXN10286,ACC1071,2025-09-19 19:38:22,158.71,Best Buy,Card,San Diego,758,191.08
TXN10836,ACC1078,2025-08-31 18:02:39,598.94,Netflix,Transfer,New York,232,729.49
TXN10625,ACC1043,2025-09-08 09:38:24,795.59,Netflix,ATM,San Jose,247,607.83
TXN10177,ACC1049,2025-08-25 18:59:13,874.58,ExxonMobil,ATM,Chicago,102,533.47
TXN10328,ACC1143,2025-09-05 15:05:03,153.11,Target,ATM,New York,848,158.14
TXN10636,ACC1161,2025-08-31 07:14:52,330.22,Uber,Online,Chicago,581,585.9
TXN10157,ACC1028,2025-09-07 10:09:22,1102.44,ExxonMobil,ATM,Philadelphia,1041,618.54
TXN10640,ACC1168,2025-08-22 01:07:46,1348.33,ExxonMobil,ATM,San Jose,994,684.95
TXN10801,ACC1188,2025-09-04 13:06:51,305.9,Costco,Online,San Jose,1294,289.99
TXN10421,ACC1164,2025-09-04 00:04:18,139.73,Costco,ATM,New York,968,291.85
TXN10040,ACC1156,2025-09-13 07:54:40,340.71,Apple Store,Transfer,San Diego,323,203.14
TXN11010,ACC1122,2025-09-04 18:34:11,576.89,Delta Airlines,Online,Philadelphia,517,305.09
TXN10178,ACC1118,2025-09-16 07:46:46,677.6,Amazon,ATM,San Jose,1355,543.66
TXN10397,ACC1057,2025-09-10 15:22:15,4754.48,Guzman-Mcdonald Inc.,Transfer,Phoenix,656,221.97
TXN10307,ACC1058,2025-08-23 16:32:24,507.7,Lyft,Online,Los Angeles,701,605.36
TXN10472,ACC1196,2025-09-09 10:22:42,315.48,Whole Foods,Card,San Diego,152,664.43
TXN10399,ACC1110,2025-08-31 22:48:33,646.02,Netflix,ATM,New York,1157,791.69
TXN10571,ACC1193,2025-09-10 10:50:12,118.22,Home Depot,Online,San Jose,962,400.12
TXN10126,ACC1014,2025-09-15 01:26:40,709.51,ExxonMobil,Online,Los Angeles,931,603.0
TXN10704,ACC1077,2025-08-21 09:52:06,84.15,Uber,Online,Chicago,338,108.34
TXN10468,ACC1177,2025-09-19 00:24:39,1201.56,ExxonMobil,Transfer,San Diego,564,668.91
TXN10216,ACC1161,2025-09-06 07:26:49,528.9,ExxonMobil,ATM,Phoenix,581,585.9
TXN10357,ACC1161,2025-09-19 20:58:03,392.69,Costco,Online,Dallas,581,585.9
TXN10001,ACC1168,2025-09-19 12:38:07,1608.6,Amazon,ATM,Los Angeles,994,684.95
TXN10927,ACC1096,2025-08-30 15:26:48,11.75,Whole Foods,ATM,San Diego,78,109.62
TXN10665,ACC1175,2025-09-08 21:18:52,175.9,Costco,Online,Philadelphia,982,115.95
TXN10863,ACC1098,2025-09-01 21:33:06,706.47,Amazon,ATM,San Antonio,235,737.0
TXN10358,ACC1078,2025-09-17 09:36:09,168.83,Uber,ATM,Houston,232,729.49
TXN10080,ACC1116,2025-08-20 03:49:01,601.3,Uber,Card,San Antonio,1144,502.22
TXN10660,ACC1081,2025-08-27 17:14:54,45.72,Home Depot,Online,Dallas,791,69.81
TXN10369,ACC1079,2025-09-08 05:12:30,387.28,Whole Foods,Transfer,San Diego,133,760.26
TXN10761,ACC1067,2025-08-22 16:28:37,1458.6,Amazon,Card,Dallas,205,598.07
TXN10295,ACC1180,2025-09-16 10:03:07,707.9,Apple Store,ATM,Los Angeles,565,428.93
TXN10026,ACC1179,2025-09-14 21:14:13,521.79,Apple Store,Card,Los Angeles,1102,361.33
TXN10142,ACC1185,2025-08-24 21:21:27,964.89,Delta Airlines,Card,San Jose,1316,594.06
TXN10629,ACC1131,2025-08-31 02:33:22,622.3,Lyft,Transfer,Los Angeles,233,445.09
TXN10790,ACC1021,2025-08-23 19:57:29,73.87,Delta Airlines,Online,San Diego,469,249.02
TXN10712,ACC1129,2025-08-21 01:34:48,87.93,Lyft,ATM,Chicago,1388,404.84
TXN10931,ACC1144,2025-08-29 11:01:16,430.45,Home Depot,Card,New York,412,270.83
TXN10132,ACC1046,2025-09-09 05:00:15,189.41,ExxonMobil,Transfer,Phoenix,219,100.33
TXN10766,ACC1056,2025-09-05 11:47:16,118.17,Apple Store,Transfer,San Jose,930,202.92
TXN10050,ACC1058,2025-09-12 04:45:51,915.79,Home Depot,Transfer,San Antonio,701,605.36
TXN10554,ACC1120,2025-09-08 12:56:07,93.36,Home Depot,ATM,San Diego,359,180.73
TXN10917,ACC1018,2025-09-04 10:11:44,779.19,ExxonMobil,ATM,Dallas,193,404.36
TXN10327,ACC1113,2025-08-30 03:26:46,21293.77,"Williams, Massey and Castro Inc.",ATM,Dallas,780,775.65
TXN10954,ACC1114,2025-09-11 14:26:42,203.85,Netflix,ATM,Los Angeles,962,346.79
TXN10500,ACC1168,2025-09-03 12:12:06,1524.52,Netflix,ATM,Houston,994,684.95
TXN10854,ACC1190,2025-08-29 14:40:19,797.91,Delta Airlines,Online,San Antonio,1436,756.64
TXN10367,ACC1110,2025-09-05 10:07:55,550.83,Starbucks,Online,San Antonio,1157,791.69
TXN10658,ACC1193,2025-08-30 18:09:05,239.67,Apple Store,ATM,San Jose,962,400.12
TXN10007,ACC1033,2025-08-22 19:32:24,1086.42,Starbucks,Card,San Jose,1098,599.35
TXN10616,ACC1184,2025-09-13 11:53:45,999.88,Apple Store,Card,Dallas,732,649.7
TXN10210,ACC1180,2025-08-29 23:37:45,146.33,Starbucks,Card,Houston,565,428.93
TXN10185,ACC1074,2025-09-06 01:15:58,1472.71,Lyft,ATM,San Antonio,889,766.66
TXN10585,ACC1094,2025-08-23 12:58:47,1483.3,Walmart,Online,San Diego,775,758.96
TXN10497,ACC1009,2025-08-22 14:43:49,651.85,ExxonMobil,Online,San Jose,432,789.07
TXN10960,ACC1067,2025-09-08 08:18:31,116.42,Walmart,Card,San Jose,205,598.07
TXN11030,ACC1069,2025-08-21 03:54:14,221.58,Amazon,Online,San Antonio,832,134.24
TXN10292,ACC1025,2025-08-23 06:43:51,136.25,Delta Airlines,Transfer,Phoenix,469,313.74
TXN10853,ACC1024,2025-09-16 08:59:09,114.06,Lyft,Card,Houston,103,57.96
TXN10289,ACC1023,2025-09-14 17:57:36,678.62,Home Depot,Online,New York,483,450.52
TXN10981,ACC1177,2025-09-16 21:41:44,1098.22,Best Buy,Transfer,San Jose,564,668.91
TXN10557,ACC1002,2025-09-11 04:27:25,783.82,Netflix,Transfer,Chicago,870,561.54
TXN10812,ACC1009,2025-09-03 10:57:06,357.23,Costco,Card,San Jose,432,789.07
TXN10424,ACC1134,2025-09-11 07:09:02,118.1,Costco,Online,Philadelphia,1001,180.68
TXN10741,ACC1070,2025-09-16 13:53:26,885.16,Netflix,Online,Tokyo,1255,622.86
TXN10032,ACC1194,2025-09-18 15:11:10,450.75,Best Buy,Transfer,New York,624,383.1
TXN10541,ACC1171,2025-09-11 04:59:14,1201.6,Best Buy,Online,San Antonio,535,650.39
TXN10260,ACC1008,2025-09-18 07:45:43,825.12,Walmart,Card,Philadelphia,804,394.79
TXN10949,ACC1026,2025-09-18 04:26:02,139.85,Costco,ATM,San Diego,791,733.97
TXN10813,ACC1120,2025-09-05 03:10:13,382.47,Starbucks,Online,Los Angeles,359,180.73
TXN10073,ACC1039,2025-08-25 04:30:40,21714.42,"Washington, Howard and Meadows Inc.",ATM,Houston,719,560.12
TXN10102,ACC1031,2025-09-15 09:40:21,133.43,Starbucks,Card,New York,984,75.94
TXN10047,ACC1114,2025-09-19 08:18:23,641.0,Uber,Card,New York,962,346.79
TXN10265,ACC1031,2025-09-10 11:54:12,142.57,Target,ATM,Philadelphia,984,75.94
TXN10430,ACC1143,2025-08-25 04:03:13,168.1,Lyft,ATM,Phoenix,848,158.14
TXN10906,ACC1119,2025-09-08 10:11:06,624.91,Uber,Transfer,New York,477,292.18
TXN10911,ACC1012,2025-08-23 14:57:41,1329.79,Costco,Card,Los Angeles,1400,654.17
TXN10028,ACC1073,2025-09-10 16:32:13,760.5,Apple Store,Online,San Antonio,1105,757.92
TXN10218,ACC1033,2025-09-08 12:43:11,1437.55,Uber,ATM,Los Angeles,1098,599.35
TXN10440,ACC1088,2025-08-29 08:19:18,1107.61,Delta Airlines,Online,East Maureenstad,280,594.48
TXN10386,ACC1005,2025-09-09 09:00:09,20.93,Amazon,Card,Philadelphia,1498,75.64
TXN10946,ACC1072,2025-09-07 21:14:47,1094.14,Delta Airlines,ATM,Philadelphia,1316,476.03
TXN10146,ACC1046,2025-09-18 07:08:48,85.7,Costco,Online,Philadelphia,219,100.33
TXN10855,ACC1032,2025-09-08 03:58:55,487.77,Best Buy,Online,New York,458,788.24
TXN11048,ACC1149,2025-09-13 13:54:37,861.28,Costco,Card,San Diego,337,452.26
TXN10276,ACC1199,2025-09-05 11:14:44,1357.19,Whole Foods,Card,Philadelphia,1172,573.8
TXN10363,ACC1126,2025-09-10 17:41:51,133.71,Costco,Transfer,Houston,1201,180.66
TXN10845,ACC1016,2025-08-24 13:52:24,548.84,Uber,Card,San Antonio,1195,486.23
TXN10909,ACC1059,2025-09-15 05:06:24,587.69,Amazon,Transfer,New York,1314,602.38
TXN10214,ACC1167,2025-09-01 15:55:38,742.47,Lyft,Transfer,Dallas,808,345.78
TXN11038,ACC1053,2025-09-11 00:09:46,51.77,Whole Foods,ATM,Los Angeles,908,67.78
TXN10449,ACC1010,2025-09-15 19:29:54,521.37,Starbucks,Online,Chicago,122,794.09
TXN10696,ACC1141,2025-09-07 00:53:11,399.82,Costco,Card,San Diego,641,428.24
TXN10977,ACC1170,2025-09-08 12:04:48,221.63,Delta Airlines,ATM,San Diego,227,164.28
TXN10077,ACC1157,2025-09-09 06:58:00,779.87,Amazon,ATM,New York,1478,316.21
TXN10987,ACC1026,2025-08-27 14:39:21,292.4,Target,ATM,New York,791,733.97
TXN10560,ACC1100,2025-09-11 23:09:33,8914.74,"Andersen, Nelson and Taylor Inc.",Online,San Antonio,323,550.78
TXN10479,ACC1003,2025-08-24 01:46:29,639.48,Best Buy,Transfer,Chicago,923,461.23
TXN10383,ACC1073,2025-08-20 03:47:19,367.5,Starbucks,ATM,Houston,1105,757.92
TXN10992,ACC1129,2025-09-14 02:26:16,144.9,Delta Airlines,Transfer,San Diego,1388,404.84
TXN10702,ACC1035,2025-09-18 16:03:12,235.44,Amazon,ATM,Los Angeles,691,147.46
TXN10045,ACC1000,2025-08-27 22:28:09,760.05,Walmart,Card,New York,484,751.8
TXN10232,ACC1187,2025-09-05 05:51:05,352.37,Costco,Online,New York,1011,148.2
TXN10314,ACC1004,2025-09-19 05:56:50,385.9,Target,Transfer,Philadelphia,445,622.16
TXN10876,ACC1177,2025-09-04 11:16:26,1205.7,Lyft,Online,San Jose,564,668.91
TXN10736,ACC1080,2025-09-02 21:33:36,414.79,ExxonMobil,Card,Chicago,508,684.82
TXN10719,ACC1185,2025-09-07 04:43:06,1431.97,Best Buy,ATM,Houston,1316,594.06
TXN10816,ACC1118,2025-08-24 05:56:20,518.13,Netflix,Transfer,Chicago,1355,543.66
TXN10654,ACC1079,2025-08-31 23:43:06,1531.22,Amazon,Card,San Jose,133,760.26
TXN11024,ACC1014,2025-09-11 20:02:20,108.53,Starbucks,ATM,Philadelphia,931,603.0
TXN10447,ACC1133,2025-09-19 02:53:35,840.57,Walmart,ATM,Philadelphia,78,403.74
TXN10701,ACC1126,2025-08-31 22:02:04,129.12,Uber,Transfer,Houston,1201,180.66
TXN10656,ACC1025,2025-08-29 13:15:04,49.5,Costco,Card,Phoenix,469,313.74
TXN10108,ACC1006,2025-08-24 04:01:06,706.64,Apple Store,Online,Mexico City,168,479.16
TXN10189,ACC1006,2025-08-21 15:08:57,986.79,Uber,ATM,Houston,168,479.16
TXN10351,ACC1095,2025-08-28 13:44:25,696.54,Home Depot,ATM,Houston,902,518.95
TXN10094,ACC1182,2025-09-12 02:38:53,281.08,Costco,Card,San Diego,1043,414.89
TXN10962,ACC1169,2025-09-16 13:03:28,1182.71,Netflix,Card,San Antonio,1073,678.71
TXN10666,ACC1050,2025-09-05 08:03:13,711.39,Delta Airlines,ATM,San Antonio,1441,795.41
TXN10794,ACC1015,2025-08-31 16:37:35,405.91,Costco,Transfer,Dallas,498,253.27
TXN10338,ACC1070,2025-09-04 19:31:41,1401.23,Amazon,Card,Philadelphia,1255,622.86
TXN10546,ACC1156,2025-09-02 22:07:12,329.19,Costco,Transfer,Dallas,323,203.14
TXN10226,ACC1101,2025-09-06 04:11:07,10817.66,ExxonMobil,ATM,Tokyo,1091,362.94
TXN10049,ACC1020,2025-08-24 00:53:58,343.14,Amazon,Online,San Jose,812,529.36
TXN10916,ACC1133,2025-08-24 12:04:17,883.69,Home Depot,Online,Chicago,78,403.74
TXN10444,ACC1095,2025-09-13 09:05:18,1099.43,Best Buy,Card,San Jose,902,518.95
TXN10920,ACC1092,2025-09-13 20:39:27,380.13,Lyft,ATM,Chicago,1183,519.94
TXN10900,ACC1178,2025-08-31 09:39:35,254.47,Starbucks,ATM,Phoenix,1034,456.13
TXN10415,ACC1010,2025-08-31 16:48:52,604.77,Walmart,Online,Dallas,122,794.09
TXN10183,ACC1194,2025-09-11 21:29:10,757.76,Uber,Transfer,Chicago,624,383.1
TXN10947,ACC1049,2025-08-21 20:57:01,985.78,Uber,Online,New York,102,533.47
TXN10881,ACC1016,2025-09-15 05:37:51,983.85,Target,Transfer,San Diego,1195,486.23
TXN10143,ACC1006,2025-09-16 10:42:58,562.44,Delta Airlines,Online,San Antonio,168,479.16
TXN10428,ACC1123,2025-09-11 18:53:47,277.62,Home Depot,Card,San Diego,1162,342.09
TXN10426,ACC1136,2025-09-13 18:43:29,223.95,Best Buy,Card,San Diego,343,572.28
TXN10361,ACC1026,2025-08-23 01:15:55,1521.4,Uber,Transfer,Moscow,791,733.97
TXN10332,ACC1127,2025-08-28 02:26:27,1213.45,Lyft,ATM,New York,1354,586.44
TXN10675,ACC1160,2025-08-22 01:56:32,758.82,Apple Store,Online,San Diego,1239,324.47
TXN10743,ACC1069,2025-08-31 08:29:14,110.85,Walmart,Online,Dallas,832,134.24
TXN10534,ACC1151,2025-09-16 04:44:15,154.72,Delta Airlines,Card,New York,178,88.79
TXN10645,ACC1051,2025-09-04 22:02:11,72.74,Lyft,Online,Dallas,327,136.11
TXN10138,ACC1069,2025-08-30 00:36:29,143.4,Whole Foods,Card,Phoenix,832,134.24
TXN10298,ACC1104,2025-09-15 07:56:29,117.42,Best Buy,Card,Philadelphia,300,245.35
TXN10124,ACC1069,2025-09-08 00:17:55,336.88,Target,Transfer,Wardland,469,249.02
TXN10568,ACC1037,2025-09-02 03:03:39,439.83,Delta Airlines,ATM,San Antonio,1007,236.02
TXN10754,ACC1051,2025-08-27 11:20:27,129.74,Delta Airlines,Online,San Diego,327,136.11
TXN10303,ACC1018,2025-09-18 07:41:10,43.74,Target,Online,Los Angeles,193,404.36
TXN10278,ACC1137,2025-09-11 23:33:31,1165.38,Lyft,ATM,Philadelphia,958,549.12
TXN10321,ACC1004,2025-09-04 06:56:19,973.0,Whole Foods,Transfer,Los Angeles,445,622.16
TXN10825,ACC1027,2025-09-19 08:31:48,641.9,Netflix,Online,San Diego,658,581.87
TXN10767,ACC1142,2025-09-11 16:21:49,300.78,Amazon,Transfer,Phoenix,970,473.11
TXN10753,ACC1028,2025-09-08 08:33:08,1521.93,Apple Store,Card,Philadelphia,1041,618.54
TXN10034,ACC1020,2025-08-21 22:54:18,709.05,Target,Transfer,San Antonio,812,529.36
TXN10385,ACC1088,2025-08-20 11:54:54,28.09,Costco,ATM,Phoenix,190,53.55
TXN10671,ACC1134,2025-08-25 06:21:11,189.54,Lyft,Online,San Jose,1001,180.68
TXN10402,ACC1021,2025-09-03 04:28:28,135.8,Costco,Card,Houston,469,249.02
TXN10581,ACC1061,2025-09-18 22:27:47,835.32,Best Buy,Online,San Diego,167,440.68
TXN10382,ACC1026,2025-09-08 07:38:25,1614.94,Starbucks,Card,San Diego,791,733.97
TXN10889,ACC1155,2025-09-02 00:09:22,950.77,Best Buy,Card,San Diego,306,770.91
TXN10388,ACC1009,2025-09-01 03:07:50,1667.78,Home Depot,ATM,San Jose,432,789.07
TXN10886,ACC1034,2025-08-27 22:23:25,161.01,Amazon,Online,San Antonio,417,229.95
TXN10414,ACC1115,2025-09-18 10:50:40,1096.45,Amazon,Online,Dallas,1136,700.85
TXN10832,ACC1060,2025-09-16 06:48:02,762.46,Walmart,ATM,Chicago,693,311.52
TXN10234,ACC1041,2025-08-31 16:01:30,169.1,Whole Foods,Online,New York,744,78.01
TXN10657,ACC1057,2025-08-22 09:17:20,362.55,Amazon,Online,Phoenix,656,221.97
TXN10431,ACC1166,2025-09-16 04:56:29,66.59,Whole Foods,Transfer,San Diego,966,161.09
TXN10983,ACC1123,2025-08-25 17:27:21,662.86,Starbucks,Card,San Antonio,1162,342.09
TXN10467,ACC1164,2025-09-12 17:26:43,721.12,Target,Card,Houston,968,291.85
TXN10818,ACC1089,2025-08-21 16:54:51,233.12,Delta Airlines,Card,San Jose,338,328.74
TXN10997,ACC1001,2025-08-31 11:13:17,1043.62,ExxonMobil,Online,San Antonio,883,441.59
TXN10711,ACC1147,2025-09-06 07:42:39,299.15,Walmart,Online,New York,464,171.39
TXN10577,ACC1198,2025-09-14 16:07:08,202.38,ExxonMobil,ATM,New York,1072,561.65
TXN10225,ACC1018,2025-08-31 03:41:39,877.67,Netflix,Card,San Antonio,193,404.36
TXN10005,ACC1099,2025-09-08 19:17:44,184.39,Apple Store,Card,Phoenix,1453,255.29
TXN10705,ACC1172,2025-08-30 10:24:03,236.06,Home Depot,Online,Phoenix,837,343.58
TXN10039,ACC1076,2025-08-25 00:13:09,1120.07,Netflix,Online,Dallas,1165,662.31
TXN10121,ACC1036,2025-08-24 06:32:21,516.8,Target,Online,San Diego,1162,674.56
TXN10463,ACC1159,2025-08-30 21:13:48,791.7,Apple Store,Transfer,San Antonio,1004,637.59
TXN10833,ACC1086,2025-09-18 10:31:08,150.43,Uber,ATM,San Diego,557,711.98
TXN10716,ACC1038,2025-08-29 08:08:38,807.46,Whole Foods,Online,Dallas,1459,456.41
TXN10250,ACC1037,2025-09-11 06:03:10,334.18,Best Buy,ATM,Phoenix,1007,236.02
TXN10251,ACC1057,2025-09-11 23:02:49,271.49,ExxonMobil,Transfer,Chicago,656,221.97
TXN10807,ACC1192,2025-09-07 00:11:24,810.65,ExxonMobil,Card,Dallas,335,403.37
TXN10748,ACC1026,2025-09-08 14:08:35,1574.41,Target,Transfer,San Antonio,791,733.97
TXN11018,ACC1030,2025-08-21 22:45:04,1067.69,Apple Store,Online,Philadelphia,210,714.3
TXN10461,ACC1151,2025-09-02 16:01:46,37.77,Best Buy,Card,Chicago,178,88.79
TXN10200,ACC1130,2025-09-04 12:53:31,126.84,Uber,Online,Los Angeles,648,369.78
TXN10134,ACC1194,2025-08-23 00:49:09,675.63,Amazon,Transfer,Chicago,624,383.1
TXN10732,ACC1011,2025-08-24 01:31:39,1425.89,Starbucks,ATM,Los Angeles,194,597.86
TXN10742,ACC1187,2025-09-09 07:14:18,299.25,Best Buy,Card,San Diego,1011,148.2
TXN10727,ACC1141,2025-09-05 16:45:21,1052.0,Netflix,Card,New York,641,428.24
TXN10990,ACC1053,2025-08-30 00:59:35,75.54,Home Depot,Online,Los Angeles,908,67.78
TXN10922,ACC1196,2025-09-03 02:15:36,101.96,Costco,ATM,Los Angeles,152,664.43
TXN10895,ACC1135,2025-08-20 12:08:31,145.74,Home Depot,Card,San Jose,1424,218.88
TXN10536,ACC1103,2025-08-25 05:47:32,406.31,Best Buy,Card,San Jose,33,526.39
TXN10806,ACC1139,2025-09-04 12:04:29,43.55,Uber,ATM,New York,742,222.74
TXN10937,ACC1090,2025-08-25 14:30:52,163.63,Home Depot,Card,New York,1389,795.38
TXN10830,ACC1166,2025-08-24 19:54:20,48.65,Best Buy,Card,San Jose,966,161.09
TXN10366,ACC1055,2025-08-24 18:36:07,561.93,Amazon,Transfer,Phoenix,1028,419.61
TXN10843,ACC1120,2025-09-16 12:51:43,217.44,Apple Store,Card,Houston,359,180.73
TXN10111,ACC1083,2025-09-11 21:45:39,1128.66,Target,Online,Dallas,524,786.85
TXN10119,ACC1176,2025-09-13 00:57:21,393.78,Target,ATM,Los Angeles,89,562.42
TXN10811,ACC1131,2025-09-15 10:59:00,571.99,Target,Transfer,San Jose,233,445.09
TXN10299,ACC1096,2025-09-17 20:32:08,110.11,Apple Store,Transfer,San Diego,78,109.62
TXN10224,ACC1124,2025-08-29 17:16:21,145.7,Best Buy,Transfer,Philadelphia,43,246.12
TXN10933,ACC1168,2025-09-18 03:26:15,589.64,Costco,Transfer,Chicago,994,684.95
TXN10470,ACC1168,2025-09-19 13:13:51,447.52,Apple Store,Transfer,Houston,994,684.95
TXN10294,ACC1011,2025-08-29 23:07:11,775.59,ExxonMobil,Online,Houston,194,597.86
TXN10041,ACC1067,2025-08-30 22:52:28,1455.82,Home Depot,ATM,San Diego,205,598.07
TXN10002,ACC1068,2025-08-28 05:22:07,256.8,Amazon,ATM,Los Angeles,1403,213.69
TXN10190,ACC1075,2025-08-27 09:32:22,1195.59,Home Depot,Card,Dallas,498,724.56
TXN10710,ACC1094,2025-08-25 03:57:00,521.73,Apple Store,Card,Chicago,775,758.96
TXN10504,ACC1053,2025-09-01 04:46:13,155.01,Apple Store,Card,Chicago,908,67.78
TXN10252,ACC1075,2025-09-19 07:28:44,1223.35,Whole Foods,Card,San Jose,498,724.56
TXN10684,ACC1174,2025-09-08 16:14:38,69.28,Walmart,Card,Houston,44,302.68
TXN10384,ACC1041,2025-08-28 19:18:25,101.36,Home Depot,Card,Houston,744,78.01
TXN10181,ACC1002,2025-08-25 06:21:39,904.81,Apple Store,ATM,Dallas,870,561.54
TXN10482,ACC1030,2025-09-05 15:38:37,844.73,Amazon,Transfer,Dallas,210,714.3
TXN10566,ACC1079,2025-08-25 10:47:13,1863.38,Uber,Card,Phoenix,133,760.26
TXN10623,ACC1079,2025-08-30 15:45:44,706.89,Home Depot,Online,Dallas,133,760.26
TXN10329,ACC1124,2025-08-30 06:12:14,614.33,Amazon,Online,Chicago,43,246.12
TXN10667,ACC1005,2025-09-13 05:02:59,154.47,ExxonMobil,Online,Dallas,1498,75.64
TXN10857,ACC1145,2025-08-26 22:42:41,776.92,Delta Airlines,Online,San Diego,690,513.64
TXN11012,ACC1135,2025-09-12 05:56:48,355.99,Delta Airlines,ATM,Houston,1424,218.88
TXN10425,ACC1137,2025-08-28 09:08:45,1325.55,Costco,Transfer,Houston,958,549.12
TXN10048,ACC1029,2025-09-11 02:33:35,556.32,Uber,Transfer,Susanstad,236,678.4
TXN10869,ACC1016,2025-08-22 22:11:22,579.3,ExxonMobil,Online,Philadelphia,1195,486.23
TXN10599,ACC1019,2025-09-08 08:37:11,471.41,Uber,ATM,San Jose,1036,424.47
TXN10998,ACC1124,2025-08-23 12:03:36,331.44,Costco,ATM,Philadelphia,43,246.12
TXN10057,ACC1145,2025-09-09 10:32:10,740.79,Target,Transfer,Philadelphia,690,513.64
TXN10809,ACC1063,2025-08-21 03:33:28,437.84,Uber,ATM,New York,1305,193.46
TXN10714,ACC1020,2025-09-11 08:47:21,1182.4,Starbucks,ATM,Chicago,812,529.36
TXN10724,ACC1144,2025-08-29 06:04:06,279.54,Starbucks,Transfer,Dallas,412,270.83
TXN10128,ACC1073,2025-09-10 22:57:16,427.12,Best Buy,Transfer,Bernardmouth,594,256.5
TXN10885,ACC1116,2025-09-02 16:19:44,264.77,Uber,Card,San Jose,1144,502.22
TXN10140,ACC1109,2025-09-04 16:40:43,551.5,Best Buy,ATM,Dallas,698,581.63
TXN10086,ACC1052,2025-09-19 11:51:11,548.04,ExxonMobil,Card,San Antonio,330,323.69
TXN10782,ACC1196,2025-09-07 10:02:34,1150.1,Uber,Card,San Jose,152,664.43
TXN10341,ACC1040,2025-09-07 10:13:43,167.47,ExxonMobil,ATM,Chicago,1026,208.48
TXN10834,ACC1185,2025-09-15 09:06:52,622.89,Starbucks,ATM,San Antonio,1316,594.06
TXN10842,ACC1048,2025-08-21 20:36:07,655.63,ExxonMobil,ATM,Philadelphia,404,450.51
TXN10015,ACC1067,2025-09-12 08:02:16,1176.23,Apple Store,Transfer,Chicago,205,598.07
TXN10988,ACC1136,2025-08-30 04:40:14,1087.26,Best Buy,Card,San Antonio,343,572.28
TXN10148,ACC1199,2025-09-18 14:06:16,660.1,ExxonMobil,Transfer,New York,1172,573.8
TXN10473,ACC1118,2025-08-28 15:44:54,367.87,Walmart,Transfer,New York,1355,543.66
TXN11034,ACC1044,2025-09-18 05:44:26,6286.19,Fuentes Group Inc.,Online,San Jose,957,305.0
TXN10389,ACC1025,2025-08-20 03:17:07,615.24,Costco,Transfer,Chicago,469,313.74
TXN10100,ACC1075,2025-08-27 05:40:50,564.87,ExxonMobil,Card,New York,498,724.56
TXN10270,ACC1193,2025-09-09 06:19:13,217.21,Target,ATM,Phoenix,962,400.12
TXN10280,ACC1176,2025-08-26 22:51:44,1366.94,Starbucks,Card,Chicago,89,562.42
TXN10974,ACC1034,2025-09-17 01:08:30,395.65,Whole Foods,Transfer,Los Angeles,417,229.95
TXN10674,ACC1175,2025-08-30 06:13:27,251.07,ExxonMobil,Card,San Jose,982,115.95
TXN10114,ACC1063,2025-09-10 23:35:16,307.28,Amazon,Online,Philadelphia,1305,193.46
TXN10037,ACC1145,2025-09-08 23:44:12,1086.86,Lyft,Online,Chicago,690,513.64
TXN10264,ACC1147,2025-09-07 09:10:32,222.15,Starbucks,ATM,San Antonio,464,171.39
TXN10090,ACC1006,2025-08-30 13:58:55,1036.87,Home Depot,Online,Los Angeles,168,479.16
TXN10777,ACC1057,2025-08-30 15:36:08,5329.49,"Walsh, Powell and Vaughn Inc.",Card,Philadelphia,656,221.97
TXN10205,ACC1060,2025-09-14 12:16:29,562.92,Starbucks,Online,Phoenix,693,311.52
TXN10555,ACC1075,2025-09-17 04:31:05,1451.41,Lyft,Card,Chicago,498,724.56
TXN10763,ACC1005,2025-08-22 19:57:16,159.44,Lyft,Transfer,San Diego,1498,75.64
TXN10429,ACC1091,2025-08-25 14:05:31,175.5,Target,ATM,Dallas,335,101.67
TXN10023,ACC1136,2025-09-05 03:28:51,214.64,Netflix,Card,New York,343,572.28
TXN10331,ACC1047,2025-09-08 19:39:35,398.02,Uber,Transfer,Chicago,1010,335.52
TXN10700,ACC1029,2025-08-22 10:51:16,175.37,Lyft,Transfer,Los Angeles,220,362.46
TXN10751,ACC1162,2025-08-28 23:31:34,235.79,Lyft,Transfer,Houston,129,298.47
TXN10199,ACC1125,2025-08-20 15:40:46,301.77,Costco,Transfer,New York,1358,596.19
TXN10952,ACC1150,2025-09-16 16:12:29,463.8,Walmart,ATM,Los Angeles,280,594.48
TXN10193,ACC1148,2025-08-31 11:47:48,664.11,Amazon,Transfer,Houston,1062,471.07
TXN10442,ACC1142,2025-09-12 08:15:46,457.9,Best Buy,ATM,Houston,970,473.11
TXN10877,ACC1144,2025-09-07 14:30:26,180.77,Delta Airlines,Card,Chicago,412,270.83
TXN10443,ACC1040,2025-09-12 21:08:50,435.79,Target,Transfer,Philadelphia,1026,208.48
TXN10392,ACC1062,2025-09-13 01:10:59,254.57,Walmart,Card,Los Angeles,276,255.61
TXN10537,ACC1089,2025-09-05 04:21:24,745.99,ExxonMobil,Card,Dallas,338,328.74
TXN11045,ACC1171,2025-09-14 17:38:33,1059.41,Delta Airlines,Transfer,San Jose,535,650.39
TXN10580,ACC1138,2025-09-06 12:46:32,839.57,Walmart,Transfer,San Diego,1175,352.16
TXN10681,ACC1064,2025-08-27 02:08:30,61.74,Netflix,Online,Dallas,1119,429.31
TXN10238,ACC1073,2025-09-10 23:05:16,40.55,Starbucks,ATM,South George,930,202.92
TXN10209,ACC1139,2025-08-20 09:38:05,24.25,ExxonMobil,Transfer,Los Angeles,742,222.74
TXN10901,ACC1087,2025-09-03 09:38:27,216.86,Best Buy,Online,Houston,236,250.04
TXN11043,ACC1169,2025-09-17 11:52:49,776.49,Delta Airlines,Online,Houston,1073,678.71
TXN10815,ACC1197,2025-08-20 06:33:14,1063.54,Uber,Online,Chicago,1377,451.74
TXN10835,ACC1177,2025-09-02 02:40:27,1212.17,Home Depot,Card,Dallas,564,668.91
TXN10589,ACC1088,2025-09-03 22:18:58,122.03,Walmart,Online,New York,190,53.55
TXN10452,ACC1043,2025-09-06 04:04:40,965.19,Netflix,Transfer,New York,247,607.83
TXN10516,ACC1169,2025-08-21 07:24:19,456.78,Target,Card,Dallas,1073,678.71
TXN10772,ACC1038,2025-09-14 03:06:02,552.07,Target,Online,San Jose,1459,456.41
TXN11022,ACC1056,2025-09-13 00:38:50,257.49,Costco,Transfer,Phoenix,930,202.92
TXN10820,ACC1175,2025-09-14 11:07:28,78.25,Walmart,Card,San Antonio,982,115.95
TXN10615,ACC1029,2025-09-11 02:37:35,401.54,Home Depot,Card,Port Andrea,1026,208.48
TXN10075,ACC1007,2025-09-03 19:09:37,107.13,ExxonMobil,Online,Chicago,1035,161.52
TXN10799,ACC1065,2025-08-27 23:42:48,134.04,Amazon,Card,Houston,1363,102.94
TXN10492,ACC1127,2025-09-08 00:58:29,788.1,Best Buy,ATM,Phoenix,1354,586.44
TXN10771,ACC1172,2025-09-18 16:12:14,698.3,Uber,Online,San Jose,837,343.58
TXN10528,ACC1013,2025-09-02 03:54:44,1310.91,Apple Store,Transfer,New York,655,534.62
TXN10940,ACC1165,2025-09-03 13:05:37,151.97,Whole Foods,Card,San Jose,535,142.49
TXN10545,ACC1146,2025-09-12 16:56:50,1375.62,Lyft,ATM,Philadelphia,1321,777.47
TXN10530,ACC1085,2025-09-07 13:50:23,142.83,Apple Store,Online,San Diego,512,566.07
TXN10413,ACC1128,2025-09-09 08:02:31,318.72,Whole Foods,Online,Phoenix,875,309.99
TXN10579,ACC1157,2025-09-06 07:47:24,561.13,Lyft,ATM,New York,1478,316.21
TXN10905,ACC1019,2025-08-25 04:27:53,123.75,Home Depot,Transfer,Los Angeles,1036,424.47
TXN10269,ACC1114,2025-09-19 10:28:31,743.81,Starbucks,Online,Dallas,962,346.79
TXN10932,ACC1119,2025-08-24 16:30:58,649.17,Amazon,Online,San Diego,477,292.18
TXN10805,ACC1057,2025-09-09 07:57:14,342.48,Lyft,Online,Houston,656,221.97
TXN10780,ACC1095,2025-09-14 16:27:36,567.98,Amazon,Online,New York,902,518.95
TXN10728,ACC1093,2025-09-08 00:49:07,275.75,Netflix,Online,Los Angeles,129,177.2
TXN10685,ACC1163,2025-08-26 22:41:50,128.12,Delta Airlines,ATM,Phoenix,1072,176.53
TXN10774,ACC1124,2025-09-01 13:11:14,542.65,Amazon,Card,San Jose,43,246.12
TXN10756,ACC1145,2025-09-02 18:32:31,109.04,Home Depot,Online,Phoenix,690,513.64
TXN10038,ACC1165,2025-08-30 03:04:44,200.85,Best Buy,ATM,New York,535,142.49
TXN10525,ACC1091,2025-09-16 06:15:15,51.97,Costco,Transfer,Chicago,335,101.67
TXN10592,ACC1033,2025-08-27 01:26:19,1035.3,Delta Airlines,Transfer,New York,1098,599.35
TXN10810,ACC1102,2025-09-05 15:57:02,60.39,Netflix,Online,Phoenix,1197,282.5
TXN10064,ACC1040,2025-08-31 08:25:49,294.6,Walmart,Transfer,Houston,1026,208.48
TXN10683,ACC1032,2025-08-29 20:54:29,803.98,Lyft,Transfer,Houston,458,788.24
TXN10699,ACC1189,2025-08-26 21:04:13,659.37,Best Buy,Online,New York,1435,505.42
TXN10346,ACC1171,2025-09-18 00:38:29,684.14,Target,Transfer,Dallas,535,650.39
TXN10688,ACC1136,2025-08-28 04:00:10,627.59,ExxonMobil,Transfer,San Jose,343,572.28
TXN11025,ACC1177,2025-09-08 10:04:57,1302.89,Target,Online,New York,564,668.91
TXN10082,ACC1198,2025-08-25 21:42:37,552.48,Lyft,Online,Los Angeles,1072,561.65
TXN10824,ACC1096,2025-08-25 03:32:30,34.31,Whole Foods,Transfer,Chicago,78,109.62
TXN10211,ACC1136,2025-09-17 22:35:32,394.17,Target,ATM,San Antonio,343,572.28
TXN10133,ACC1076,2025-09-14 04:17:58,1098.66,Home Depot,ATM,San Jose,1165,662.31
TXN10862,ACC1089,2025-08-28 15:19:40,808.54,Whole Foods,Transfer,Chicago,338,328.74
TXN10883,ACC1130,2025-09-13 20:52:33,324.71,Home Depot,Online,New York,648,369.78
TXN10220,ACC1160,2025-09-01 07:13:35,83.52,Costco,Online,San Jose,1239,324.47
TXN10088,ACC1089,2025-08-25 17:35:12,550.09,Costco,Transfer,Houston,338,328.74
TXN10056,ACC1101,2025-08-25 00:21:03,325.48,Starbucks,ATM,Phoenix,1091,362.94
TXN10517,ACC1194,2025-09-17 18:14:10,231.14,Amazon,Online,San Diego,624,383.1
TXN10455,ACC1093,2025-08-22 10:36:36,80.56,Amazon,Transfer,San Antonio,129,177.2
TXN10973,ACC1168,2025-08-20 01:21:58,677.75,ExxonMobil,Transfer,Los Angeles,994,684.95
TXN10395,ACC1174,2025-08-22 19:58:17,627.74,Apple Store,Transfer,Phoenix,44,302.68
TXN11028,ACC1041,2025-08-30 23:10:59,42.16,Walmart,Transfer,New York,744,78.01
TXN10781,ACC1029,2025-09-11 02:39:35,64.07,Home Depot,Card,Sandraland,190,53.55
TXN11001,ACC1097,2025-09-15 09:24:49,1427.17,Starbucks,ATM,Houston,1378,742.4
TXN10573,ACC1079,2025-09-12 08:54:00,1225.87,Best Buy,Online,Dallas,133,760.26
TXN10228,ACC1121,2025-09-17 20:01:07,1616.1,Uber,Transfer,Dallas,902,789.33
TXN10655,ACC1174,2025-09-18 00:22:17,360.31,Target,ATM,San Jose,44,302.68
TXN10035,ACC1024,2025-09-16 09:08:15,135.6,Amazon,Card,Philadelphia,103,57.96
TXN10279,ACC1076,2025-08-31 15:15:45,1085.56,Delta Airlines,Online,San Jose,1165,662.31
TXN10191,ACC1103,2025-09-12 11:12:42,1039.14,Delta Airlines,Card,San Antonio,33,526.39
TXN10621,ACC1034,2025-08-26 05:12:28,420.34,Delta Airlines,Transfer,Chicago,417,229.95
TXN10919,ACC1055,2025-09-04 21:35:30,134.05,Home Depot,Transfer,San Jose,1028,419.61
TXN10648,ACC1128,2025-08-21 14:00:14,690.56,Amazon,ATM,Philadelphia,875,309.99
TXN10267,ACC1026,2025-08-23 05:28:54,1753.73,Walmart,Transfer,Los Angeles,791,733.97
TXN10979,ACC1091,2025-08-30 11:51:35,233.46,Target,ATM,Chicago,335,101.67
TXN10412,ACC1005,2025-09-17 12:16:09,18.97,Whole Foods,Online,Houston,1498,75.64
TXN10258,ACC1130,2025-08-23 03:21:50,8343.52,Best Buy,Transfer,London,648,369.78
TXN11029,ACC1112,2025-09-17 07:33:38,367.63,Amazon,Card,Philadelphia,428,496.67
TXN10029,ACC1149,2025-08-26 08:13:52,685.58,Whole Foods,Transfer,San Antonio,337,452.26
TXN10180,ACC1100,2025-09-16 13:45:47,1103.94,ExxonMobil,Online,New York,323,550.78
TXN10325,ACC1040,2025-09-04 15:17:10,343.11,Amazon,ATM,Chicago,1026,208.48
TXN10016,ACC1058,2025-08-22 16:34:19,14951.66,Johnson Inc Inc.,ATM,Philadelphia,701,605.36
TXN10964,ACC1078,2025-09-15 15:47:52,1670.28,Lyft,Online,Phoenix,232,729.49
TXN10194,ACC1059,2025-09-11 12:11:20,178.18,Starbucks,ATM,New York,1314,602.38
TXN10540,ACC1068,2025-09-03 01:06:25,23.58,Apple Store,ATM,New York,1403,213.69
TXN10598,ACC1132,2025-09-01 03:14:02,112.69,Amazon,Online,Houston,883,199.38
TXN10633,ACC1081,2025-09-17 04:47:16,122.67,Uber,Transfer,San Antonio,791,69.81
TXN10060,ACC1078,2025-09-12 04:39:11,1219.9,Lyft,ATM,San Antonio,232,729.49
TXN10487,ACC1086,2025-08-26 03:34:33,767.26,Starbucks,ATM,San Antonio,557,711.98
TXN10465,ACC1090,2025-08-31 03:34:46,553.38,ExxonMobil,Online,San Antonio,1389,795.38
TXN10347,ACC1001,2025-09-08 14:22:48,103.78,Whole Foods,Online,Dallas,883,441.59
TXN10650,ACC1070,2025-09-19 01:03:23,378.74,Uber,ATM,Houston,1255,622.86
TXN10695,ACC1168,2025-09-11 22:34:00,887.81,Delta Airlines,Transfer,San Antonio,994,684.95
TXN10734,ACC1002,2025-08-27 09:31:48,415.64,Target,Card,New York,870,561.54
TXN10115,ACC1157,2025-08-23 02:40:00,88.27,Target,Card,Los Angeles,1478,316.21
TXN10494,ACC1026,2025-08-22 10:21:21,1215.57,Apple Store,Transfer,San Diego,791,733.97
TXN10322,ACC1002,2025-08-23 10:02:37,1036.36,Best Buy,ATM,Phoenix,870,561.54
TXN10860,ACC1174,2025-09-02 01:02:54,411.16,Amazon,Transfer,Phoenix,44,302.68
TXN10031,ACC1101,2025-09-14 14:46:17,183.13,Lyft,ATM,Chicago,1091,362.94
TXN10391,ACC1032,2025-09-15 00:21:06,1849.5,Apple Store,Transfer,Dallas,458,788.24
TXN10319,ACC1091,2025-09-02 07:37:03,211.72,Apple Store,ATM,Dallas,335,101.67
TXN11009,ACC1006,2025-09-07 20:15:11,1156.19,Lyft,Transfer,Phoenix,168,479.16
TXN10531,ACC1109,2025-08-26 12:21:08,955.49,Starbucks,Card,Phoenix,698,581.63
TXN10641,ACC1114,2025-08-31 15:53:57,175.27,ExxonMobil,Card,Phoenix,962,346.79
TXN10208,ACC1146,2025-09-01 17:52:14,994.81,Whole Foods,Card,San Antonio,1321,777.47
TXN10453,ACC1094,2025-08-20 05:58:03,106.25,Apple Store,Online,San Antonio,775,758.96
TXN10647,ACC1135,2025-09-10 06:38:29,220.73,Amazon,Transfer,Chicago,1424,218.88
TXN10506,ACC1077,2025-09-19 17:10:45,26.74,Best Buy,ATM,Philadelphia,338,108.34
TXN10588,ACC1024,2025-09-15 16:24:42,100.71,Delta Airlines,ATM,New York,103,57.96
TXN10532,ACC1158,2025-09-16 20:03:46,110.68,Target,Transfer,San Diego,115,134.09
TXN10239,ACC1061,2025-09-12 05:10:05,419.26,Whole Foods,Transfer,San Jose,167,440.68
TXN10229,ACC1125,2025-09-01 06:24:55,170.89,Walmart,Transfer,San Antonio,1358,596.19
TXN10972,ACC1168,2025-09-08 09:12:08,70.05,Home Depot,Online,San Diego,994,684.95
TXN10839,ACC1112,2025-08-31 01:48:59,571.71,Amazon,Transfer,Los Angeles,428,496.67
TXN10956,ACC1007,2025-09-14 08:08:38,34.53,Amazon,Card,San Jose,1035,161.52
TXN10109,ACC1192,2025-08-23 18:16:58,784.98,Uber,Transfer,Chicago,335,403.37
TXN10207,ACC1086,2025-08-29 08:56:57,127.61,Walmart,Online,San Antonio,557,711.98
TXN10722,ACC1125,2025-08-27 07:13:31,839.5,Amazon,ATM,Philadelphia,1358,596.19
TXN10408,ACC1058,2025-08-28 13:23:41,1207.14,Lyft,Transfer,San Antonio,701,605.36
TXN10179,ACC1162,2025-09-07 02:46:15,614.37,Starbucks,Card,San Antonio,129,298.47
TXN10717,ACC1039,2025-08-31 01:39:26,1295.48,Uber,Online,New York,719,560.12
TXN10938,ACC1088,2025-08-29 08:27:18,214.4,Amazon,Online,East Ryan,1136,700.85
TXN10521,ACC1020,2025-09-18 22:36:46,971.79,Uber,ATM,San Antonio,812,529.36
TXN10726,ACC1152,2025-08-31 04:05:16,99.21,Best Buy,Online,New York,1151,628.65
TXN10980,ACC1170,2025-09-15 05:08:22,43.23,Best Buy,Card,New York,227,164.28
TXN10394,ACC1077,2025-09-14 02:48:11,108.78,ExxonMobil,Card,Dallas,338,108.34
TXN10729,ACC1065,2025-08-26 08:19:21,203.87,Whole Foods,Transfer,San Antonio,1363,102.94
TXN10548,ACC1105,2025-09-06 20:49:01,118.77,Starbucks,Card,Philadelphia,392,58.38
TXN10856,ACC1128,2025-09-18 18:41:18,561.08,Uber,Transfer,San Jose,875,309.99
TXN10543,ACC1157,2025-09-07 15:07:07,338.63,Costco,Card,San Jose,1478,316.21
TXN10237,ACC1184,2025-09-09 21:06:43,380.95,Uber,Transfer,Philadelphia,732,649.7
TXN10690,ACC1061,2025-08-24 23:09:29,276.6,Delta Airlines,Transfer,Los Angeles,167,440.68
TXN10406,ACC1183,2025-08-26 21:07:05,407.23,Netflix,Online,Chicago,955,312.24
TXN10765,ACC1008,2025-09-09 18:56:03,367.73,Costco,Transfer,Dallas,804,394.79
TXN10436,ACC1195,2025-09-16 21:22:23,493.03,Whole Foods,Card,San Diego,844,469.26
TXN10873,ACC1008,2025-08-28 01:48:09,274.64,Target,Transfer,San Jose,804,394.79
TXN10910,ACC1017,2025-09-01 18:53:54,957.24,Amazon,Transfer,Houston,888,493.39
TXN10865,ACC1110,2025-09-10 15:40:21,111.15,Lyft,Transfer,Chicago,1157,791.69
TXN10787,ACC1186,2025-09-11 12:43:31,205.92,ExxonMobil,Card,Los Angeles,207,101.49
TXN10627,ACC1193,2025-09-06 07:39:29,316.02,Netflix,Transfer,New York,962,400.12
TXN10720,ACC1092,2025-08-30 23:30:57,60.4,Starbucks,Transfer,New York,1183,519.94
TXN10335,ACC1131,2025-09-07 00:54:57,639.72,Lyft,Online,Dallas,233,445.09
TXN11003,ACC1113,2025-09-19 22:06:39,909.46,Delta Airlines,ATM,San Antonio,780,775.65
TXN10353,ACC1141,2025-09-07 07:32:06,172.63,Lyft,ATM,San Antonio,641,428.24
TXN10348,ACC1099,2025-09-06 18:28:39,175.43,Costco,Transfer,Chicago,1453,255.29
TXN10715,ACC1198,2025-09-03 08:28:31,1166.16,Delta Airlines,Card,San Jose,1072,561.65
TXN10670,ACC1137,2025-08-25 09:08:38,703.8,Netflix,Card,San Jose,958,549.12
TXN10206,ACC1080,2025-09-01 20:33:05,23611.33,Dennis and Sons Inc.,Card,San Jose,508,684.82
TXN10288,ACC1124,2025-08-21 01:11:07,427.16,Starbucks,Online,San Diego,43,246.12
TXN10921,ACC1192,2025-08-27 22:52:29,732.49,Netflix,Transfer,New York,335,403.37
TXN10323,ACC1194,2025-08-26 03:11:30,373.18,Amazon,Online,Dubai,624,383.1
TXN10559,ACC1119,2025-09-05 05:38:51,251.98,Delta Airlines,Online,Phoenix,477,292.18
TXN10930,ACC1076,2025-09-17 03:37:34,1500.18,Starbucks,Card,Philadelphia,1165,662.31
TXN10129,ACC1088,2025-08-29 08:25:18,193.79,Home Depot,Card,Wangbury,220,362.46
TXN10986,ACC1120,2025-09-01 22:47:11,357.82,Costco,Card,Houston,359,180.73
TXN10550,ACC1158,2025-08-20 03:53:10,318.06,Delta Airlines,Card,Chicago,115,134.09
TXN10991,ACC1196,2025-08-26 20:51:28,272.61,Home Depot,Online,San Antonio,152,664.43
TXN10814,ACC1071,2025-08-29 15:04:55,238.5,Costco,Online,San Antonio,758,191.08
TXN11007,ACC1046,2025-09-06 01:17:43,114.86,Walmart,Transfer,New York,219,100.33
TXN10233,ACC1017,2025-09-09 11:51:43,861.54,Target,ATM,San Antonio,888,493.39
TXN10757,ACC1147,2025-09-01 14:56:52,306.12,Target,Transfer,Houston,464,171.39
TXN10174,ACC1198,2025-08-31 07:04:11,1209.49,Target,Online,Phoenix,1072,561.65
TXN10498,ACC1127,2025-09-02 18:28:13,1378.19,Uber,Online,San Antonio,1354,586.44
TXN10965,ACC1061,2025-08-25 05:00:56,135.46,Uber,Online,Phoenix,167,440.68
TXN10153,ACC1104,2025-08-20 21:39:19,432.41,Delta Airlines,Card,Philadelphia,300,245.35
TXN10222,ACC1057,2025-09-05 21:05:45,175.79,Best Buy,Online,San Antonio,656,221.97
TXN10458,ACC1038,2025-08-30 17:43:21,305.73,Lyft,ATM,San Diego,1459,456.41
TXN10446,ACC1127,2025-08-24 08:32:43,292.16,Whole Foods,ATM,New York,1354,586.44
TXN10081,ACC1047,2025-09-13 01:44:00,51.06,Whole Foods,Card,Los Angeles,1010,335.52
TXN10274,ACC1120,2025-09-08 05:59:39,414.96,Whole Foods,Card,New York,359,180.73
TXN10676,ACC1179,2025-09-13 09:53:00,86.72,Home Depot,Online,San Diego,1102,361.33
TXN10635,ACC1139,2025-08-24 22:58:40,432.84,Uber,Transfer,Dallas,742,222.74
TXN10501,ACC1127,2025-09-12 09:40:34,700.7,Lyft,Transfer,Dallas,1354,586.44
TXN10175,ACC1102,2025-09-08 21:12:13,173.9,Apple Store,Online,New York,1197,282.5
TXN10864,ACC1107,2025-08-20 07:37:01,1849.59,Costco,Transfer,San Jose,1273,764.97
TXN10890,ACC1061,2025-08-20 16:12:54,88.37,Walmart,ATM,Dallas,167,440.68
TXN10789,ACC1017,2025-09-09 15:05:46,743.98,Netflix,Card,Houston,888,493.39
TXN10760,ACC1010,2025-09-12 05:53:16,1943.36,Netflix,Online,San Antonio,122,794.09
TXN10985,ACC1099,2025-08-31 03:10:04,430.78,Target,Transfer,San Diego,1453,255.29
TXN10092,ACC1128,2025-09-10 12:32:20,113.37,Home Depot,Transfer,Los Angeles,875,309.99
TXN10248,ACC1044,2025-08-31 11:29:41,209.81,Starbucks,Card,Moscow,957,305.0
TXN10653,ACC1056,2025-09-16 03:08:46,213.45,Netflix,Card,Houston,930,202.92
TXN10582,ACC1035,2025-09-08 11:46:49,237.19,Delta Airlines,ATM,Chicago,691,147.46
TXN11015,ACC1165,2025-09-11 08:16:43,251.02,Netflix,ATM,Los Angeles,535,142.49
TXN10352,ACC1100,2025-09-13 09:15:20,790.81,Whole Foods,Online,Houston,323,550.78
TXN10524,ACC1049,2025-08-31 10:21:55,899.59,Uber,ATM,San Jose,102,533.47
TXN10898,ACC1198,2025-09-03 23:04:16,1397.15,Whole Foods,Card,Dubai,1072,561.65
TXN10407,ACC1173,2025-09-04 09:16:44,436.91,Home Depot,Transfer,New York,233,522.1
TXN10486,ACC1111,2025-09-18 23:28:48,382.63,ExxonMobil,Transfer,San Jose,800,170.11
TXN10859,ACC1162,2025-09-07 20:57:58,523.92,Uber,ATM,Chicago,129,298.47
TXN10664,ACC1167,2025-09-02 02:20:36,501.1,Delta Airlines,Card,Phoenix,808,345.78
TXN10564,ACC1193,2025-08-26 02:36:40,270.95,Netflix,ATM,New York,962,400.12
TXN10324,ACC1194,2025-09-04 14:47:50,137.3,Best Buy,ATM,Los Angeles,624,383.1
TXN10929,ACC1087,2025-08-24 15:38:39,595.32,Home Depot,ATM,Phoenix,236,250.04
TXN10590,ACC1171,2025-08-21 13:38:36,659.66,Best Buy,Card,New York,535,650.39
TXN10302,ACC1039,2025-09-17 02:40:42,963.84,Best Buy,Transfer,Houston,719,560.12
TXN10466,ACC1132,2025-08-30 20:32:54,118.39,Amazon,Online,San Diego,883,199.38
TXN10196,ACC1101,2025-08-24 11:14:16,554.66,Costco,ATM,Los Angeles,1091,362.94
TXN10872,ACC1197,2025-09-15 05:11:02,563.21,Netflix,Card,Phoenix,1377,451.74
TXN10030,ACC1104,2025-08-24 13:11:57,404.67,Apple Store,ATM,New York,300,245.35
TXN10024,ACC1134,2025-09-17 23:08:52,443.49,Apple Store,Transfer,Chicago,1001,180.68
TXN10851,ACC1110,2025-09-08 09:13:25,1454.44,Best Buy,Transfer,New York,1157,791.69
TXN11014,ACC1182,2025-08-20 18:05:45,715.73,ExxonMobil,Transfer,Dallas,1043,414.89
TXN10730,ACC1101,2025-09-09 06:13:42,599.58,Starbucks,Transfer,Los Angeles,1091,362.94
TXN10752,ACC1132,2025-09-16 18:00:02,264.16,Target,Transfer,San Diego,883,199.38
TXN10659,ACC1152,2025-08-22 16:26:18,1072.69,Lyft,Card,New York,1151,628.65
TXN10826,ACC1189,2025-08-30 03:07:23,552.21,Target,Card,Los Angeles,1435,505.42
TXN10642,ACC1114,2025-08-21 07:34:32,585.28,Delta Airlines,Transfer,New York,962,346.79
TXN10460,ACC1149,2025-09-18 21:54:52,360.57,Delta Airlines,Online,Phoenix,337,452.26
TXN10145,ACC1072,2025-08-23 00:21:43,881.02,Target,ATM,Los Angeles,1316,476.03
TXN11032,ACC1063,2025-08-31 21:32:07,26.24,Apple Store,Transfer,Los Angeles,1305,193.46
TXN11021,ACC1068,2025-09-11 12:41:58,75.72,Netflix,Online,Chicago,1403,213.69
TXN10434,ACC1005,2025-09-06 17:51:14,68.75,Costco,ATM,Los Angeles,1498,75.64
TXN10381,ACC1145,2025-08-22 22:41:56,1109.54,Best Buy,ATM,Dallas,690,513.64
TXN10523,ACC1106,2025-09-11 00:45:44,214.96,Target,ATM,Los Angeles,1096,225.19
TXN10779,ACC1110,2025-09-18 16:37:05,483.37,Netflix,Transfer,Houston,1157,791.69
TXN10296,ACC1047,2025-09-03 06:00:53,623.64,Delta Airlines,Transfer,Houston,1010,335.52
TXN10515,ACC1012,2025-08-29 19:35:21,608.49,Best Buy,Transfer,Houston,1400,654.17
TXN10481,ACC1023,2025-08-22 11:03:45,842.02,ExxonMobil,Card,Philadelphia,483,450.52
TXN10036,ACC1014,2025-08-22 18:46:50,138.25,Amazon,Transfer,Chicago,931,603.0
TXN10217,ACC1109,2025-08-23 23:53:11,1350.15,Costco,ATM,Dallas,698,581.63
TXN10087,ACC1067,2025-09-14 04:55:47,1459.33,Amazon,Transfer,San Diego,205,598.07
TXN10923,ACC1166,2025-09-09 08:31:25,197.57,Walmart,Transfer,Phoenix,966,161.09
TXN11016,ACC1155,2025-08-28 20:25:12,1478.4,Amazon,ATM,Phoenix,306,770.91
TXN10477,ACC1105,2025-08-28 18:56:27,98.7,Home Depot,Card,Chicago,392,58.38
TXN10638,ACC1087,2025-09-10 03:15:53,551.69,Delta Airlines,ATM,San Jose,236,250.04
TXN10373,ACC1001,2025-09-09 10:19:41,670.35,Uber,Transfer,Philadelphia,883,441.59
TXN10340,ACC1006,2025-08-30 16:04:52,252.13,Amazon,ATM,San Jose,168,479.16
TXN10697,ACC1041,2025-09-17 12:15:38,100.6,Walmart,Online,Chicago,744,78.01
TXN10692,ACC1107,2025-09-16 12:32:52,11747.24,Salinas-Brown Inc.,Transfer,Dallas,1273,764.97
TXN10371,ACC1019,2025-09-14 01:28:00,259.47,Costco,Transfer,Philadelphia,1036,424.47
TXN10243,ACC1196,2025-08-20 05:15:53,1422.53,Target,ATM,Dallas,152,664.43
TXN10130,ACC1096,2025-09-03 03:28:53,194.93,Whole Foods,ATM,New York,78,109.62
TXN10405,ACC1074,2025-09-15 23:35:59,1570.91,Delta Airlines,Online,Chicago,889,766.66
TXN10437,ACC1103,2025-09-14 00:16:24,93.66,Delta Airlines,Transfer,Chicago,33,526.39
TXN10006,ACC1006,2025-09-11 18:15:04,830.79,Delta Airlines,Transfer,Houston,168,479.16
TXN10223,ACC1186,2025-09-02 17:41:52,24.68,Delta Airlines,Card,Philadelphia,207,101.49
TXN10879,ACC1070,2025-08-21 13:13:55,943.39,Lyft,Transfer,San Jose,1255,622.86
TXN10926,ACC1094,2025-09-12 00:56:12,318.27,Lyft,Transfer,Dallas,775,758.96
TXN10427,ACC1078,2025-09-07 06:23:12,14400.0,Byrd-Sanders Inc.,Card,Philadelphia,232,729.49
TXN10316,ACC1015,2025-09-17 08:54:26,80.03,Starbucks,Transfer,San Jose,498,253.27
TXN10309,ACC1079,2025-09-04 06:21:35,15091.81,Davis-Davis Inc.,Card,San Antonio,133,760.26
TXN10968,ACC1049,2025-09-19 09:50:39,1320.03,Whole Foods,Card,New York,102,533.47
TXN10817,ACC1034,2025-09-09 16:13:06,413.03,Whole Foods,Online,New York,417,229.95
TXN10245,ACC1007,2025-08-27 00:55:38,326.13,Starbucks,Card,Chicago,1035,161.52
TXN10706,ACC1175,2025-09-04 20:43:35,97.16,Netflix,Online,San Jose,982,115.95
TXN10025,ACC1165,2025-09-04 19:51:26,292.76,Costco,ATM,Philadelphia,535,142.49
TXN10046,ACC1115,2025-09-15 08:13:22,792.95,Delta Airlines,Transfer,Philadelphia,1136,700.85
TXN10135,ACC1121,2025-09-02 17:09:46,1697.46,Uber,Online,Dallas,902,789.33
TXN10014,ACC1009,2025-09-17 14:09:53,446.82,Best Buy,Transfer,Chicago,432,789.07
TXN10368,ACC1187,2025-09-04 21:35:26,254.53,Target,Online,Phoenix,1011,148.2
TXN10070,ACC1147,2025-08-30 04:47:53,64.22,Starbucks,ATM,San Jose,464,171.39
TXN10488,ACC1057,2025-08-25 14:28:06,157.69,Target,Transfer,Phoenix,656,221.97
TXN10602,ACC1008,2025-08-20 04:15:50,488.85,Walmart,Online,Phoenix,804,394.79
TXN11033,ACC1005,2025-09-02 11:57:59,178.06,Costco,ATM,Los Angeles,1498,75.64
TXN10634,ACC1082,2025-09-08 01:55:36,775.15,Delta Airlines,Online,San Diego,831,717.81
TXN10978,ACC1122,2025-08-21 21:26:48,152.77,Netflix,Transfer,New York,517,305.09
TXN10067,ACC1046,2025-08-21 19:36:26,100.14,Uber,ATM,Dallas,219,100.33
TXN10033,ACC1174,2025-09-16 10:30:13,647.4,Netflix,ATM,San Diego,44,302.68
TXN10043,ACC1141,2025-08-27 04:39:25,629.34,Amazon,Transfer,Phoenix,641,428.24
TXN10106,ACC1155,2025-09-12 20:43:50,1316.17,Apple Store,Online,New York,306,770.91
TXN10802,ACC1117,2025-09-15 17:39:42,211.47,Lyft,ATM,Los Angeles,319,205.95
TXN10584,ACC1062,2025-08-23 13:38:53,126.21,Amazon,Transfer,Houston,276,255.61
TXN10924,ACC1113,2025-08-21 02:55:10,1452.34,Apple Store,Card,Chicago,780,775.65
TXN11046,ACC1110,2025-09-13 19:26:36,341.04,ExxonMobil,ATM,Philadelphia,1157,791.69
TXN10791,ACC1140,2025-09-17 07:33:16,58.77,Home Depot,Transfer,Houston,1131,260.18
TXN10136,ACC1012,2025-08-31 15:33:16,621.37,Walmart,Transfer,Paris,1400,654.17
TXN10356,ACC1068,2025-09-13 02:21:45,269.9,Home Depot,Card,San Jose,1403,213.69
TXN10961,ACC1159,2025-09-14 05:23:34,1439.32,Lyft,Transfer,New York,1004,637.59
TXN10624,ACC1118,2025-09-17 08:04:50,316.44,Home Depot,Card,Los Angeles,1355,543.66
TXN10257,ACC1046,2025-09-14 22:01:34,176.97,Lyft,Online,Chicago,219,100.33
TXN10731,ACC1118,2025-09-01 17:56:48,562.04,Walmart,Transfer,San Diego,1355,543.66
TXN10404,ACC1101,2025-08-27 04:31:48,901.34,Whole Foods,Card,Los Angeles,1091,362.94
TXN10419,ACC1031,2025-09-01 19:12:51,115.21,Amazon,Transfer,Philadelphia,984,75.94
TXN11044,ACC1136,2025-09-16 13:37:06,723.69,Netflix,Transfer,San Diego,343,572.28
TXN10097,ACC1162,2025-09-14 04:14:34,152.45,Whole Foods,Transfer,San Diego,129,298.47
TXN10875,ACC1018,2025-08-26 08:41:02,999.86,Target,Card,San Diego,193,404.36
TXN11035,ACC1161,2025-09-19 01:13:17,1393.78,Home Depot,ATM,San Antonio,581,585.9
TXN10410,ACC1163,2025-09-08 04:29:44,72.47,Best Buy,Transfer,Chicago,1072,176.53
TXN10253,ACC1187,2025-08-26 17:05:13,312.74,Costco,Transfer,Dallas,1011,148.2
TXN10354,ACC1074,2025-09-16 23:13:22,978.76,Best Buy,Online,Houston,889,766.66
TXN10195,ACC1036,2025-09-07 22:10:51,778.42,ExxonMobil,ATM,Chicago,1162,674.56
TXN10574,ACC1024,2025-09-04 08:11:20,7.86,Whole Foods,Card,Phoenix,103,57.96
TXN10661,ACC1175,2025-09-08 20:54:51,64.9,Delta Airlines,ATM,San Diego,982,115.95
TXN10798,ACC1037,2025-09-15 17:55:53,539.79,Costco,ATM,Phoenix,1007,236.02
TXN10235,ACC1120,2025-09-13 07:21:15,356.62,Starbucks,ATM,San Antonio,359,180.73
TXN10451,ACC1056,2025-09-19 09:15:01,190.35,Delta Airlines,Online,New York,930,202.92
TXN10511,ACC1037,2025-09-03 20:07:55,33.8,Starbucks,ATM,San Diego,1007,236.02
TXN10231,ACC1108,2025-09-12 22:58:38,152.62,Amazon,Card,Houston,1414,324.11
TXN10759,ACC1097,2025-08-30 23:49:35,748.58,Target,Online,New York,1378,742.4
TXN10044,ACC1021,2025-08-28 10:11:08,298.87,Lyft,ATM,San Jose,469,249.02
TXN10374,ACC1013,2025-08-28 23:49:23,343.39,Home Depot,Card,Los Angeles,655,534.62
TXN11037,ACC1058,2025-09-03 07:53:34,1453.84,Starbucks,Transfer,Los Angeles,701,605.36
TXN10058,ACC1070,2025-08-20 06:43:48,253.92,ExxonMobil,Online,Los Angeles,1255,622.86
TXN10213,ACC1044,2025-09-03 06:57:09,724.36,Home Depot,Transfer,San Jose,957,305.0
TXN10411,ACC1026,2025-09-18 23:55:25,1471.72,Home Depot,Transfer,San Jose,791,733.97
TXN10454,ACC1182,2025-09-06 11:25:51,923.89,Uber,Card,San Antonio,1043,414.89
TXN10682,ACC1102,2025-09-19 17:20:21,604.7,ExxonMobil,Transfer,Chicago,1197,282.5
TXN10907,ACC1010,2025-08-31 20:01:30,324.54,Apple Store,Online,Houston,122,794.09
TXN10104,ACC1164,2025-09-11 17:14:34,202.18,Amazon,Transfer,Los Angeles,968,291.85
TXN10788,ACC1026,2025-09-19 02:52:14,687.49,Netflix,Card,Phoenix,791,733.97
TXN10055,ACC1141,2025-08-28 15:05:17,725.82,Lyft,Card,New York,641,428.24
TXN10291,ACC1010,2025-09-07 04:05:35,404.21,Walmart,Transfer,New York,122,794.09
TXN10242,ACC1013,2025-09-12 15:33:55,1021.09,Target,Transfer,Houston,655,534.62
TXN10284,ACC1073,2025-09-10 23:03:16,554.6,Walmart,Transfer,Lake Krystalhaven,791,733.97
TXN10476,ACC1044,2025-08-25 21:24:20,395.25,Uber,Transfer,Phoenix,957,305.0
TXN10301,ACC1112,2025-09-15 10:00:24,111.42,Whole Foods,ATM,Los Angeles,428,496.67
TXN10297,ACC1143,2025-09-09 13:18:42,315.0,Delta Airlines,Transfer,Phoenix,848,158.14
TXN10896,ACC1010,2025-08-28 04:22:01,118.93,Uber,ATM,Dallas,122,794.09
TXN10312,ACC1082,2025-09-13 12:16:15,137.1,Best Buy,ATM,New York,831,717.81
TXN10776,ACC1010,2025-09-15 01:19:18,1568.34,Target,ATM,Dallas,122,794.09
TXN10144,ACC1146,2025-08-29 15:42:59,1056.05,Walmart,Online,Los Angeles,1321,777.47
TXN10370,ACC1039,2025-08-22 09:50:52,1202.01,Delta Airlines,Transfer,Philadelphia,719,560.12
TXN10105,ACC1139,2025-09-04 23:26:29,552.93,Target,Online,San Diego,742,222.74
TXN10249,ACC1151,2025-09-07 07:05:57,217.42,Amazon,Transfer,Houston,178,88.79
TXN10721,ACC1076,2025-08-28 19:22:44,1548.49,Uber,Online,Dallas,1165,662.31
TXN10792,ACC1096,2025-09-17 02:58:01,234.34,Costco,ATM,San Antonio,78,109.62
TXN10401,ACC1199,2025-09-15 07:37:51,1148.05,Delta Airlines,Transfer,New York,1172,573.8
TXN10613,ACC1159,2025-09-17 13:27:04,1567.53,Best Buy,Transfer,New York,1004,637.59
TXN10768,ACC1153,2025-09-19 14:50:57,285.08,Walmart,Online,Phoenix,594,256.5
TXN10240,ACC1069,2025-08-20 10:40:19,267.51,Costco,Online,Philadelphia,832,134.24
TXN10159,ACC1169,2025-08-22 17:09:55,1573.61,Uber,ATM,Philadelphia,1073,678.71
TXN10915,ACC1045,2025-09-19 06:47:46,249.82,Lyft,ATM,Houston,715,108.6
TXN10098,ACC1163,2025-09-13 17:19:09,102.28,Best Buy,ATM,San Diego,1072,176.53
TXN11042,ACC1196,2025-09-08 12:01:44,962.51,ExxonMobil,ATM,New York,152,664.43
TXN10572,ACC1189,2025-09-14 09:08:39,907.68,Delta Airlines,ATM,San Jose,1435,505.42
TXN10099,ACC1129,2025-08-20 02:42:34,752.16,Amazon,Online,Los Angeles,1388,404.84
TXN10614,ACC1187,2025-08-24 04:20:04,366.65,ExxonMobil,Online,Phoenix,1011,148.2
TXN10420,ACC1070,2025-08-24 11:30:52,1204.69,Walmart,Card,New York,1255,622.86
TXN10880,ACC1069,2025-09-08 00:21:55,56.01,Home Depot,ATM,Carterberg,168,479.16
TXN10797,ACC1061,2025-08-26 09:59:29,1070.72,Best Buy,ATM,Phoenix,167,440.68
TXN10151,ACC1081,2025-08-25 03:46:16,69.28,Delta Airlines,ATM,Phoenix,791,69.81
TXN10967,ACC1188,2025-09-14 05:06:49,680.8,ExxonMobil,Transfer,San Antonio,1294,289.99
TXN10318,ACC1113,2025-08-23 11:48:08,118.51,Home Depot,ATM,Dallas,780,775.65
TXN10503,ACC1185,2025-08-21 15:10:58,566.22,Apple Store,Transfer,San Jose,1316,594.06
TXN10725,ACC1195,2025-08-24 22:34:38,266.04,Best Buy,Online,New York,844,469.26
TXN10173,ACC1171,2025-08-20 03:37:48,512.44,Target,Online,Philadelphia,535,650.39
TXN10499,ACC1087,2025-08-29 19:46:52,50.05,ExxonMobil,ATM,San Jose,236,250.04
TXN10372,ACC1024,2025-09-13 00:10:29,134.25,Target,Transfer,Houston,103,57.96
TXN10939,ACC1178,2025-09-01 14:01:00,351.8,Best Buy,Card,San Antonio,1034,456.13
TXN10746,ACC1186,2025-08-24 01:00:59,209.06,Walmart,Transfer,San Jose,207,101.49
TXN11008,ACC1072,2025-08-24 22:26:43,955.3,Delta Airlines,Online,Chicago,1316,476.03
TXN10256,ACC1009,2025-09-03 12:02:27,219.23,Walmart,Online,New York,432,789.07
TXN10072,ACC1005,2025-08-24 16:57:00,126.82,Best Buy,Online,Dallas,1498,75.64
TXN10169,ACC1005,2025-09-05 14:07:12,94.73,Best Buy,Card,San Diego,1498,75.64
TXN10362,ACC1073,2025-09-10 23:01:16,39.31,Lyft,Online,Tonyaville,957,305.0
TXN11017,ACC1131,2025-09-03 21:31:08,289.08,Starbucks,ATM,Phoenix,233,445.09
TXN10963,ACC1152,2025-09-10 13:26:04,1550.7,Amazon,ATM,New York,1151,628.65
TXN10950,ACC1113,2025-09-03 20:39:38,1481.53,Netflix,ATM,Los Angeles,780,775.65
TXN10310,ACC1165,2025-09-12 05:22:31,108.61,Lyft,Card,Chicago,535,142.49
TXN10846,ACC1009,2025-08-23 16:07:33,798.93,Walmart,ATM,Chicago,432,789.07
TXN10608,ACC1012,2025-09-12 22:15:34,478.42,Home Depot,Card,Houston,1400,654.17
TXN10866,ACC1043,2025-09-08 16:09:51,1199.01,Best Buy,Card,Houston,247,607.83
TXN11023,ACC1112,2025-08-20 12:57:29,965.69,Apple Store,Online,Houston,428,496.67
TXN10378,ACC1041,2025-08-28 21:42:24,47.38,Netflix,ATM,San Jose,744,78.01
TXN10493,ACC1197,2025-09-03 10:26:28,1017.7,Starbucks,Card,Dallas,1377,451.74
TXN10619,ACC1190,2025-09-09 07:08:28,422.65,Amazon,ATM,Dallas,1436,756.64
TXN10018,ACC1140,2025-08-26 22:30:29,519.71,Target,Card,Phoenix,1131,260.18
TXN10478,ACC1014,2025-09-11 06:14:11,743.4,Costco,ATM,Chicago,931,603.0
TXN10422,ACC1148,2025-08-22 23:17:10,58.62,Lyft,Transfer,Philadelphia,1062,471.07
TXN10844,ACC1022,2025-09-15 04:30:50,439.8,Best Buy,Transfer,Chicago,702,395.8
TXN10377,ACC1135,2025-09-10 18:22:23,527.98,Uber,Card,New York,1424,218.88
TXN10053,ACC1070,2025-09-06 21:28:30,960.22,Delta Airlines,Card,Houston,1255,622.86
TXN10435,ACC1145,2025-09-19 04:12:35,658.92,Lyft,Online,Los Angeles,690,513.64
TXN10345,ACC1185,2025-09-11 12:55:22,146.39,Delta Airlines,Card,Phoenix,1316,594.06
TXN10469,ACC1180,2025-08-20 20:31:18,824.92,Home Depot,Online,Chicago,565,428.93
TXN10841,ACC1036,2025-09-04 09:43:05,1340.43,Starbucks,ATM,Philadelphia,1162,674.56
TXN10804,ACC1062,2025-08-31 04:00:10,421.29,Lyft,Transfer,New York,276,255.61
TXN10713,ACC1149,2025-09-03 01:58:41,1040.0,Home Depot,Transfer,San Diego,337,452.26
TXN10139,ACC1182,2025-09-09 03:53:47,193.39,Apple Store,Card,San Diego,1043,414.89
TXN10542,ACC1084,2025-08-24 03:13:05,405.52,Costco,Transfer,San Diego,1213,284.85
TXN10611,ACC1027,2025-08-30 03:06:24,1447.45,Costco,Online,Dallas,658,581.87
TXN10152,ACC1015,2025-09-12 06:15:04,610.56,Amazon,ATM,Los Angeles,498,253.27
TXN10409,ACC1170,2025-09-15 12:26:21,405.98,Home Depot,Transfer,Phoenix,227,164.28
TXN10277,ACC1068,2025-09-16 12:29:11,312.32,Walmart,Card,New York,1403,213.69
TXN10283,ACC1158,2025-09-06 05:57:45,270.32,Target,Card,Phoenix,115,134.09
TXN10733,ACC1090,2025-08-25 03:15:35,561.88,Delta Airlines,Online,Chicago,1389,795.38
TXN10687,ACC1039,2025-08-21 18:19:17,825.51,Best Buy,Transfer,Houston,719,560.12
TXN10529,ACC1002,2025-09-12 13:19:40,610.14,Amazon,Online,Phoenix,870,561.54
TXN10457,ACC1069,2025-09-08 00:23:55,207.04,Lyft,ATM,East Scott,702,395.8
TXN10131,ACC1099,2025-08-28 15:08:55,576.81,Home Depot,Online,Philadelphia,1453,255.29
TXN10539,ACC1074,2025-09-16 23:17:21,1096.35,Apple Store,ATM,San Diego,889,766.66
TXN10596,ACC1189,2025-08-26 18:39:52,759.36,Target,Card,New York,1435,505.42
TXN10315,ACC1013,2025-08-22 15:50:45,805.52,Target,Transfer,Los Angeles,655,534.62
TXN10071,ACC1080,2025-09-04 17:17:06,672.1,Best Buy,Online,New York,508,684.82
TXN10519,ACC1162,2025-08-26 16:57:20,430.75,Home Depot,Card,Philadelphia,129,298.47
TXN10167,ACC1092,2025-09-09 23:39:09,89.92,Uber,Card,San Jose,1183,519.94
TXN10068,ACC1061,2025-09-04 08:31:24,235.86,Costco,Card,San Diego,167,440.68
TXN10755,ACC1134,2025-09-11 00:59:53,138.29,Apple Store,ATM,Phoenix,1001,180.68
TXN10330,ACC1151,2025-08-23 17:25:47,200.23,Whole Foods,ATM,San Jose,178,88.79
TXN10171,ACC1111,2025-09-14 08:20:10,226.33,Target,Card,San Antonio,800,170.11
TXN10011,ACC1001,2025-08-24 23:10:32,733.46,Home Depot,Card,Phoenix,883,441.59
TXN10272,ACC1093,2025-09-10 05:21:26,160.55,Target,Card,San Diego,129,177.2
TXN10891,ACC1012,2025-08-21 13:10:51,1522.16,Home Depot,Online,Chicago,1400,654.17
TXN10837,ACC1146,2025-08-24 16:27:42,684.9,Apple Store,Card,Houston,1321,777.47
TXN10849,ACC1067,2025-08-23 19:34:57,489.04,Uber,Card,San Diego,205,598.07
TXN10480,ACC1034,2025-08-27 06:15:30,426.04,Walmart,Transfer,San Jose,417,229.95
TXN10069,ACC1009,2025-08-21 03:59:49,1939.72,Apple Store,Transfer,Singapore,432,789.07
TXN10188,ACC1012,2025-09-08 00:02:41,85.49,Netflix,ATM,New York,1400,654.17
TXN10089,ACC1020,2025-08-23 06:56:46,68.23,Lyft,Online,San Jose,812,529.36
TXN10882,ACC1107,2025-09-09 19:25:17,621.16,ExxonMobil,ATM,Phoenix,1273,764.97
TXN10387,ACC1020,2025-09-09 06:11:46,191.88,Home Depot,Card,San Antonio,812,529.36
TXN10116,ACC1109,2025-09-12 20:20:51,794.25,Walmart,Online,Chicago,698,581.63
TXN10703,ACC1149,2025-09-08 04:38:50,489.17,Starbucks,Transfer,Philadelphia,337,452.26
TXN10154,ACC1141,2025-09-04 23:36:31,200.17,Netflix,Online,Houston,641,428.24
TXN10944,ACC1190,2025-08-27 16:16:23,1696.59,Walmart,Online,Phoenix,1436,756.64
TXN10512,ACC1191,2025-09-05 06:59:20,833.33,Whole Foods,Online,Philadelphia,154,494.12
TXN10149,ACC1074,2025-09-14 01:52:08,1546.49,ExxonMobil,Online,San Jose,889,766.66
TXN10878,ACC1121,2025-08-20 01:51:50,272.79,Amazon,Card,Phoenix,902,789.33
TXN10959,ACC1058,2025-09-02 23:15:07,1246.42,Starbucks,Card,Los Angeles,701,605.36
TXN10491,ACC1046,2025-09-01 17:47:29,15.86,Netflix,Transfer,San Jose,219,100.33
TXN10631,ACC1088,2025-09-09 11:48:23,107.69,Netflix,Online,San Jose,190,53.55
TXN10994,ACC1155,2025-09-19 07:13:54,424.61,Best Buy,Transfer,San Diego,306,770.91
TXN10605,ACC1049,2025-09-06 10:51:18,1117.98,Best Buy,Online,San Diego,102,533.47
TXN10902,ACC1034,2025-09-08 13:48:09,291.23,Starbucks,Card,Los Angeles,417,229.95
TXN10464,ACC1103,2025-09-18 02:42:49,1046.14,Walmart,Transfer,Phoenix,33,526.39
TXN10620,ACC1084,2025-08-26 23:20:33,464.12,Best Buy,Online,San Diego,1213,284.85
TXN10172,ACC1084,2025-08-23 17:24:50,10000.29,"Jackson, James and Shannon Inc.",Transfer,Phoenix,1213,284.85
TXN10678,ACC1065,2025-08-28 11:38:22,43.84,Uber,ATM,Los Angeles,1363,102.94
TXN10958,ACC1165,2025-09-18 11:26:13,122.93,Amazon,Online,Dallas,535,142.49
TXN11002,ACC1056,2025-08-25 11:50:32,414.9,Amazon,ATM,Los Angeles,930,202.92
TXN10693,ACC1180,2025-08-22 13:49:54,788.06,Costco,Transfer,Philadelphia,565,428.93
TXN10970,ACC1108,2025-08-21 14:05:07,742.41,Apple Store,Card,Houston,1414,324.11
TXN10051,ACC1188,2025-09-15 20:21:56,520.72,Home Depot,ATM,Dallas,1294,289.99
TXN10311,ACC1068,2025-09-10 02:36:58,433.41,Delta Airlines,Online,Phoenix,1403,213.69
TXN11019,ACC1009,2025-08-23 08:20:34,1721.04,Home Depot,ATM,Chicago,432,789.07
TXN10578,ACC1191,2025-09-13 18:58:41,1093.19,Netflix,ATM,Chicago,154,494.12
TXN10261,ACC1091,2025-09-12 19:46:30,201.47,Delta Airlines,Card,Houston,335,101.67
TXN10894,ACC1092,2025-09-15 03:33:48,403.25,Whole Foods,Transfer,Phoenix,1183,519.94
TXN10527,ACC1115,2025-09-16 23:18:43,282.73,Delta Airlines,Transfer,Los Angeles,1136,700.85
TXN10747,ACC1189,2025-09-08 03:58:13,937.7,Delta Airlines,Online,Phoenix,1435,505.42
TXN10120,ACC1180,2025-08-27 05:14:35,962.61,Walmart,Online,San Antonio,565,428.93
TXN10059,ACC1054,2025-09-18 12:26:32,1263.6,Uber,ATM,Dubai,462,598.26
TXN10831,ACC1055,2025-09-02 13:32:18,9574.68,Rhodes-Willis Inc.,Transfer,Dallas,1028,419.61
TXN10892,ACC1195,2025-08-30 22:59:11,362.62,Walmart,Online,San Diego,844,469.26
TXN10669,ACC1193,2025-09-11 21:58:24,277.19,Target,Transfer,Dallas,962,400.12
TXN10275,ACC1170,2025-09-07 23:11:57,280.31,Amazon,Transfer,Phoenix,227,164.28
TXN10769,ACC1043,2025-08-29 19:04:50,1003.54,Starbucks,Card,Houston,247,607.83
TXN10063,ACC1088,2025-08-29 08:23:18,703.08,Target,Card,Alyssachester,1213,284.85
TXN11006,ACC1131,2025-09-08 16:07:23,388.34,Lyft,ATM,Philadelphia,233,445.09
TXN10379,ACC1020,2025-09-07 13:00:08,1173.43,Starbucks,Online,Dallas,812,529.36
TXN10735,ACC1136,2025-09-08 05:58:39,194.23,Walmart,Card,Philadelphia,343,572.28
TXN10575,ACC1136,2025-08-24 04:16:35,340.48,Lyft,Transfer,Dallas,343,572.28
TXN10263,ACC1094,2025-08-24 23:36:59,496.43,Delta Airlines,ATM,San Jose,775,758.96
TXN10122,ACC1179,2025-09-16 12:07:12,797.86,Costco,Transfer,Los Angeles,1102,361.33
TXN10359,ACC1119,2025-09-13 20:06:36,542.74,Walmart,ATM,Philadelphia,477,292.18
TXN10042,ACC1071,2025-08-30 03:18:53,330.58,Starbucks,ATM,San Diego,758,191.08
TXN10565,ACC1085,2025-08-28 06:17:09,304.62,Uber,Transfer,San Jose,512,566.07
TXN11036,ACC1014,2025-09-06 15:50:21,798.72,Uber,Card,New York,931,603.0
TXN10858,ACC1151,2025-09-02 11:16:47,151.97,Home Depot,Online,San Jose,178,88.79
TXN10861,ACC1150,2025-09-13 17:19:41,1214.14,Starbucks,ATM,Phoenix,280,594.48
TXN10609,ACC1103,2025-09-13 00:41:39,293.7,Target,ATM,Philadelphia,33,526.39
TXN10375,ACC1020,2025-08-23 14:39:37,540.44,Amazon,Card,San Diego,812,529.36
TXN10246,ACC1079,2025-08-30 04:47:35,144.79,Target,Transfer,New York,133,760.26
TXN10510,ACC1148,2025-09-07 05:02:53,934.65,Starbucks,Online,New York,1062,471.07
TXN10850,ACC1070,2025-09-02 19:21:32,558.6,Uber,Card,Dallas,1255,622.86
TXN10078,ACC1020,2025-09-09 01:40:05,1077.41,Costco,Online,Phoenix,812,529.36
TXN10313,ACC1011,2025-09-09 03:34:09,826.24,Uber,Card,Chicago,194,597.86
TXN10212,ACC1101,2025-08-24 06:20:46,677.7,Costco,Online,Dallas,1091,362.94
TXN10112,ACC1095,2025-08-25 21:54:59,659.51,ExxonMobil,Card,Dallas,902,518.95
TXN10433,ACC1177,2025-08-29 14:59:01,1420.59,Walmart,Transfer,Chicago,564,668.91
TXN10908,ACC1197,2025-08-24 06:31:20,521.19,Lyft,Online,Philadelphia,1377,451.74
TXN10897,ACC1119,2025-09-03 03:55:50,498.02,Target,Card,San Jose,477,292.18
TXN10976,ACC1059,2025-09-16 11:10:51,956.5,Amazon,ATM,Mexico City,1314,602.38
TXN10118,ACC1029,2025-09-05 15:04:45,786.78,Best Buy,ATM,Phoenix,220,362.46
TXN10127,ACC1001,2025-09-19 11:05:15,296.96,Costco,Online,San Jose,883,441.59
TXN10074,ACC1053,2025-08-30 10:17:06,126.09,ExxonMobil,Transfer,Los Angeles,908,67.78
TXN10819,ACC1065,2025-08-23 05:16:37,96.03,Best Buy,Online,San Diego,1363,102.94
TXN10320,ACC1046,2025-09-18 20:58:32,129.2,Amazon,Card,Chicago,219,100.33
TXN10628,ACC1055,2025-09-15 17:30:01,460.67,Home Depot,Online,San Diego,1028,419.61
TXN10095,ACC1022,2025-09-02 09:40:44,606.1,Apple Store,ATM,New York,702,395.8
TXN10570,ACC1041,2025-09-06 16:26:02,101.86,Costco,Card,New York,744,78.01
TXN11039,ACC1186,2025-09-14 11:30:22,110.03,Starbucks,ATM,San Diego,207,101.49
TXN10594,ACC1136,2025-08-23 20:59:53,544.31,Uber,ATM,New York,343,572.28
TXN10285,ACC1047,2025-09-05 10:40:10,429.05,Lyft,Online,San Antonio,1010,335.52
TXN10770,ACC1154,2025-08-21 04:29:26,541.12,Lyft,Transfer,Philadelphia,383,232.06
TXN10110,ACC1100,2025-08-29 13:22:29,57.71,Uber,ATM,Houston,323,550.78
TXN10847,ACC1155,2025-08-29 08:32:50,749.14,Delta Airlines,Card,San Diego,306,770.91
TXN10775,ACC1008,2025-08-21 06:53:47,319.46,Amazon,ATM,Dallas,804,394.79
TXN10601,ACC1055,2025-08-25 15:30:06,894.73,Starbucks,Transfer,San Diego,1028,419.61
TXN10668,ACC1186,2025-09-16 18:18:15,77.76,Uber,Transfer,San Diego,207,101.49
TXN10308,ACC1199,2025-08-25 21:05:34,584.28,Uber,Card,San Diego,1172,573.8
TXN11000,ACC1156,2025-08-20 10:02:21,223.0,Whole Foods,Card,Dallas,323,203.14
TXN10017,ACC1010,2025-09-11 03:22:06,1654.95,ExxonMobil,ATM,Phoenix,122,794.09
TXN10758,ACC1036,2025-08-23 10:55:35,625.87,Uber,Card,San Antonio,1162,674.56
TXN10262,ACC1161,2025-08-27 02:19:12,726.0,Delta Airlines,Transfer,San Jose,581,585.9
TXN10158,ACC1195,2025-08-26 05:06:12,383.53,Best Buy,Card,Chicago,844,469.26
TXN10533,ACC1149,2025-08-27 23:12:39,626.57,Best Buy,ATM,San Antonio,337,452.26
TXN10287,ACC1009,2025-09-13 02:25:17,1442.02,Netflix,Online,Los Angeles,432,789.07
TXN11005,ACC1024,2025-08-27 19:57:02,138.91,Uber,ATM,Chicago,103,57.96
TXN10652,ACC1057,2025-08-20 20:17:46,427.42,Whole Foods,Transfer,Phoenix,656,221.97
TXN10333,ACC1110,2025-08-28 18:38:19,1161.47,ExxonMobil,Card,New York,1157,791.69
TXN10241,ACC1094,2025-09-10 14:17:17,1504.65,Costco,Transfer,Dallas,775,758.96
TXN10993,ACC1008,2025-09-06 08:06:17,484.18,Whole Foods,ATM,Houston,804,394.79
TXN10762,ACC1055,2025-08-20 16:18:13,456.3,Best Buy,Online,Phoenix,1028,419.61
TXN10591,ACC1177,2025-09-06 12:53:18,575.14,Delta Airlines,Card,San Antonio,564,668.91
TXN11027,ACC1177,2025-08-28 07:57:19,1223.81,Best Buy,Card,Houston,564,668.91
TXN10459,ACC1183,2025-08-23 13:47:04,578.29,Netflix,Card,San Jose,955,312.24
TXN10160,ACC1046,2025-08-27 12:31:58,235.22,Costco,Transfer,New York,219,100.33
TXN10707,ACC1129,2025-09-15 09:51:30,854.4,Home Depot,Online,San Antonio,1388,404.84
TXN10317,ACC1022,2025-09-04 21:09:34,692.27,Delta Airlines,ATM,Chicago,702,395.8
TXN10955,ACC1132,2025-09-06 05:01:39,276.38,Costco,ATM,San Jose,883,199.38
TXN10738,ACC1088,2025-08-25 08:46:43,51.64,Delta Airlines,Online,Phoenix,190,53.55
TXN10483,ACC1076,2025-08-21 19:25:23,1177.68,Walmart,ATM,Chicago,1165,662.31
TXN10416,ACC1104,2025-08-22 05:20:36,583.37,Apple Store,Online,Chicago,300,245.35
TXN10749,ACC1188,2025-09-06 16:33:45,643.72,ExxonMobil,Transfer,Chicago,1294,289.99
TXN10739,ACC1089,2025-09-01 20:23:50,63.59,Costco,Online,Los Angeles,338,328.74
TXN10113,ACC1142,2025-08-25 08:42:43,247.0,Starbucks,Transfer,San Jose,970,473.11
TXN10646,ACC1191,2025-09-15 00:37:27,9001.53,"Perkins, Clements and Mccormick Inc.",Online,San Diego,154,494.12
TXN10914,ACC1180,2025-09-02 06:41:12,531.55,ExxonMobil,Transfer,Chicago,565,428.93
TXN10439,ACC1101,2025-08-26 22:39:21,886.61,Home Depot,Online,Chicago,1091,362.94
TXN10485,ACC1015,2025-09-02 13:18:24,353.08,Whole Foods,Card,Phoenix,498,253.27
TXN10003,ACC1113,2025-09-02 20:31:06,320.02,Starbucks,Card,San Diego,780,775.65
TXN10010,ACC1075,2025-09-08 23:16:12,1035.94,Target,ATM,Dallas,498,724.56
TXN10618,ACC1118,2025-08-25 20:04:58,725.71,Apple Store,ATM,Chicago,1355,543.66
TXN10304,ACC1047,2025-09-04 19:52:35,614.53,Home Depot,Transfer,San Jose,1010,335.52
TXN10054,ACC1056,2025-09-18 21:28:55,426.66,Amazon,ATM,Chicago,930,202.92
TXN10484,ACC1099,2025-08-30 04:57:35,448.08,Netflix,Transfer,Philadelphia,1453,255.29
TXN10076,ACC1102,2025-09-13 21:50:39,163.13,Costco,Online,San Diego,1197,282.5
TXN10672,ACC1027,2025-08-27 00:23:52,162.99,Whole Foods,Transfer,Dallas,658,581.87
TXN10400,ACC1175,2025-08-31 10:24:04,157.08,Apple Store,ATM,Los Angeles,982,115.95
TXN10662,ACC1075,2025-09-14 16:22:17,1646.34,Target,Card,Houston,498,724.56
TXN10888,ACC1009,2025-09-11 06:13:52,627.21,Uber,Card,Philadelphia,432,789.07
TXN10496,ACC1017,2025-09-19 21:02:06,453.5,Amazon,ATM,San Antonio,888,493.39
TXN10165,ACC1053,2025-09-01 14:08:53,102.89,Costco,Card,New York,908,67.78
TXN10123,ACC1175,2025-08-20 06:06:01,270.87,Apple Store,Online,Phoenix,982,115.95
TXN11049,ACC1062,2025-08-31 01:40:06,625.43,Lyft,ATM,San Jose,276,255.61
TXN10626,ACC1189,2025-08-25 04:40:43,523.81,Netflix,Online,Houston,1435,505.42
TXN10918,ACC1187,2025-09-11 22:27:59,168.6,Best Buy,Transfer,Chicago,1011,148.2
TXN10563,ACC1159,2025-09-14 08:34:50,1479.96,Starbucks,ATM,Philadelphia,1004,637.59
TXN10874,ACC1024,2025-09-14 09:37:38,77.11,Costco,Card,Houston,103,57.96
TXN10221,ACC1011,2025-08-26 14:26:42,1380.84,Home Depot,Transfer,Los Angeles,194,597.86
TXN10677,ACC1197,2025-09-10 09:58:07,1038.96,Target,ATM,Phoenix,1377,451.74
TXN10698,ACC1105,2025-09-11 08:35:04,35.97,Netflix,Card,San Diego,392,58.38
TXN10306,ACC1191,2025-09-16 20:00:38,183.92,Starbucks,Card,San Diego,154,494.12
TXN10255,ACC1122,2025-08-21 01:26:40,478.15,Whole Foods,Card,Phoenix,517,305.09
TXN10162,ACC1024,2025-09-01 23:59:19,127.52,Home Depot,ATM,Chicago,103,57.96
TXN10764,ACC1138,2025-08-29 23:30:50,108.96,Lyft,Online,Houston,1175,352.16
TXN10887,ACC1021,2025-09-12 06:32:20,260.21,Apple Store,Card,San Jose,469,249.02
TXN10184,ACC1076,2025-08-21 17:10:41,906.06,ExxonMobil,ATM,Phoenix,1165,662.31
TXN10456,ACC1074,2025-09-15 17:40:53,510.27,Walmart,Online,Philadelphia,889,766.66
TXN10004,ACC1125,2025-08-22 16:37:28,522.56,Uber,Online,Houston,1358,596.19
TXN10204,ACC1084,2025-09-13 16:54:25,64.68,Costco,Transfer,San Diego,1213,284.85
TXN10750,ACC1189,2025-08-27 06:45:10,771.7,Costco,Online,San Diego,1435,505.42
TXN10966,ACC1035,2025-09-09 10:34:48,94.83,Amazon,Transfer,New York,691,147.46
TXN10475,ACC1047,2025-08-29 18:03:37,130.01,Uber,Online,Los Angeles,1010,335.52
TXN10679,ACC1023,2025-09-16 06:11:42,16265.17,Vasquez LLC Inc.,Transfer,San Diego,483,450.52
TXN10300,ACC1095,2025-09-15 00:24:21,1136.71,Home Depot,ATM,New York,902,518.95
TXN10290,ACC1089,2025-09-16 15:30:32,309.93,Target,Card,San Jose,338,328.74
TXN10343,ACC1153,2025-09-06 04:34:05,73.84,Home Depot,Online,Philadelphia,594,256.5
TXN10558,ACC1165,2025-08-23 11:32:27,108.19,Uber,ATM,Houston,535,142.49
TXN10027,ACC1142,2025-08-25 05:17:34,782.4,Apple Store,Card,Los Angeles,970,473.11
TXN10083,ACC1139,2025-09-01 20:25:19,286.89,Home Depot,ATM,Chicago,742,222.74
TXN10505,ACC1040,2025-09-10 15:13:40,137.8,Costco,ATM,Los Angeles,1026,208.48
TXN10342,ACC1005,2025-09-15 12:40:02,36.73,Apple Store,Transfer,Phoenix,1498,75.64
TXN10471,ACC1110,2025-09-03 04:17:16,1922.78,Costco,Card,Chicago,1157,791.69
TXN10999,ACC1082,2025-09-16 03:28:36,1682.5,ExxonMobil,ATM,San Jose,831,717.81
TXN10709,ACC1183,2025-08-24 17:46:27,580.44,Costco,Transfer,Chicago,955,312.24
TXN10513,ACC1141,2025-08-27 19:29:52,61.5,Whole Foods,Transfer,Houston,641,428.24
TXN10617,ACC1150,2025-08-23 23:59:52,455.52,ExxonMobil,Online,Chicago,280,594.48
TXN10417,ACC1140,2025-08-21 03:59:05,331.88,Lyft,ATM,Dallas,1131,260.18
TXN10355,ACC1099,2025-09-03 14:21:10,52.69,Home Depot,ATM,Houston,1453,255.29
TXN10867,ACC1125,2025-08-21 18:00:33,204.02,Best Buy,Card,Houston,1358,596.19
TXN10065,ACC1050,2025-09-02 01:53:54,1731.51,Target,Online,Phoenix,1441,795.41
TXN10450,ACC1135,2025-09-19 20:53:40,461.54,Apple Store,Online,Houston,1424,218.88
TXN10013,ACC1173,2025-08-30 04:40:14,1173.89,Netflix,Online,San Jose,233,522.1
TXN10103,ACC1013,2025-09-12 03:06:50,658.87,Target,Card,Chicago,655,534.62
TXN10745,ACC1108,2025-08-28 02:26:16,32.43,Apple Store,Online,San Antonio,1414,324.11
TXN10096,ACC1022,2025-09-07 13:37:31,851.2,ExxonMobil,Online,Los Angeles,702,395.8
TXN10156,ACC1109,2025-09-13 22:50:48,940.57,Whole Foods,Transfer,Los Angeles,698,581.63
TXN10182,ACC1033,2025-09-12 06:31:08,1084.69,Lyft,Transfer,San Antonio,1098,599.35
TXN10691,ACC1164,2025-09-16 04:29:10,434.01,Amazon,Transfer,Houston,968,291.85
TXN10612,ACC1006,2025-09-10 14:53:07,753.44,Whole Foods,ATM,San Antonio,168,479.16
TXN10971,ACC1022,2025-09-19 15:39:16,948.89,Home Depot,Online,San Antonio,702,395.8
TXN10651,ACC1064,2025-08-30 06:16:57,1047.09,Home Depot,Transfer,Chicago,1119,429.31
TXN10441,ACC1127,2025-09-18 16:53:26,1295.83,Walmart,Card,Dallas,1354,586.44
TXN10913,ACC1074,2025-09-15 19:11:20,932.46,ExxonMobil,Online,Philadelphia,889,766.66
TXN10663,ACC1156,2025-09-11 04:26:38,340.64,Netflix,ATM,Philadelphia,323,203.14
TXN10942,ACC1125,2025-08-26 13:38:19,857.6,Target,Transfer,Chicago,1358,596.19
TXN10935,ACC1123,2025-09-16 14:07:50,371.05,Best Buy,Transfer,Mexico City,1162,342.09
TXN11040,ACC1088,2025-08-29 08:21:18,222.99,Whole Foods,Online,Lake Erika,247,607.83
TXN10403,ACC1085,2025-08-20 00:27:34,448.94,Amazon,Card,Dallas,512,566.07
TXN10490,ACC1105,2025-09-08 20:08:36,121.2,Whole Foods,Card,Dallas,392,58.38
TXN10376,ACC1185,2025-09-14 13:41:48,1203.93,Apple Store,Online,San Diego,1316,594.06
TXN10556,ACC1053,2025-09-17 06:19:14,67.52,Apple Store,Card,San Antonio,908,67.78
TXN10380,ACC1111,2025-08-22 09:43:14,31.99,Walmart,Card,Chicago,800,170.11
TXN10259,ACC1080,2025-09-16 03:53:55,745.1,Amazon,Transfer,Philadelphia,508,684.82
TXN10803,ACC1078,2025-09-04 16:18:27,1289.87,Walmart,ATM,Houston,232,729.49
TXN10740,ACC1127,2025-08-29 11:52:47,61.76,Lyft,Card,Dallas,1354,586.44
TXN10852,ACC1163,2025-09-08 23:30:27,278.02,Best Buy,Transfer,Dallas,1072,176.53
TXN10778,ACC1108,2025-08-20 22:57:51,507.73,Best Buy,ATM,Philadelphia,1414,324.11
TXN10012,ACC1031,2025-08-20 19:48:15,186.57,Home Depot,Card,Phoenix,984,75.94
TXN10021,ACC1047,2025-09-10 08:47:14,424.55,Apple Store,Online,Phoenix,1010,335.52
TXN10603,ACC1187,2025-09-11 11:13:58,210.93,Delta Airlines,Online,Phoenix,1011,148.2
TXN10795,ACC1065,2025-09-02 10:19:09,105.55,Starbucks,Online,Philadelphia,1363,102.94
TXN10552,ACC1055,2025-08-30 02:35:21,402.19,Uber,Transfer,Philadelphia,1028,419.61
TXN10796,ACC1168,2025-08-23 14:01:04,779.32,ExxonMobil,Online,New York,994,684.95
TXN10163,ACC1073,2025-09-09 21:54:57,1546.03,Best Buy,Card,Philadelphia,1105,757.92
TXN10168,ACC1003,2025-09-07 17:20:49,725.22,Netflix,ATM,San Diego,923,461.23
TXN10009,ACC1095,2025-08-27 23:17:43,81.08,Netflix,Card,Chicago,902,518.95
TXN10610,ACC1092,2025-08-31 06:44:04,983.59,Amazon,ATM,San Antonio,1183,519.94
TXN10349,ACC1110,2025-08-27 06:10:41,256.91,Starbucks,Transfer,Los Angeles,1157,791.69
TXN10271,ACC1184,2025-09-01 01:39:13,751.65,Home Depot,Online,San Diego,732,649.7
TXN10268,ACC1021,2025-08-23 04:30:40,384.33,Delta Airlines,Transfer,Phoenix,469,249.02
TXN10823,ACC1029,2025-09-13 22:23:17,231.71,Walmart,ATM,Philadelphia,220,362.46
TXN10462,ACC1073,2025-08-27 17:27:27,1498.4,Lyft,ATM,New York,1105,757.92
TXN10945,ACC1155,2025-09-06 07:15:49,1632.96,Lyft,Online,Los Angeles,306,770.91
TXN10526,ACC1074,2025-08-23 18:47:38,1021.36,Whole Foods,Online,Philadelphia,889,766.66
TXN10247,ACC1029,2025-09-11 02:35:35,425.59,ExxonMobil,ATM,Carloschester,89,562.42
TXN10718,ACC1071,2025-08-20 04:08:07,67.74,Home Depot,Online,New York,758,191.08
TXN10418,ACC1011,2025-09-16 04:10:15,213.55,Netflix,ATM,Chicago,194,597.86
TXN10364,ACC1108,2025-08-29 13:16:00,392.48,Netflix,Card,Los Angeles,1414,324.11
TXN10562,ACC1188,2025-08-24 04:13:24,442.92,Target,ATM,Dallas,1294,289.99
